User_ID;Date;Daily_HRV;Daily_RHR;HR_Max;HR_Rest;Sleep_Duration;Deep_Sleep_h;REM_Sleep_h;Sleep_Efficiency_pct;Wake_Episodes_Count;Grip_Strength_kg;CMJ_Jump_cm;Subjective_Mood;DOMS_Scale;Motivation_Level;sRPE
User_1;2026-05-08;71,0;50,5;185;48;7,3;1,58;1,66;89,9;1,0;;;5,0;5,0;4,0;0,0
User_1;2026-05-09;68,0;49,8;185;48;7,46;1,56;1,16;87,3;1,0;;;8,0;6,0;5,0;1302,0
User_1;2026-05-10;76,4;48,1;185;48;8,98;1,69;1,86;91,2;0,0;;;9,0;4,0;8,0;832,0
User_1;2026-05-11;74,9;46,8;185;48;9,5;1,44;1,45;92,5;0,0;55,7;43,8;;;;0,0
User_1;2026-05-12;77,4;43,6;185;48;7,92;0,99;1,76;80,0;2,0;56,5;41,0;7,0;2,0;9,0;235,0
User_1;2026-05-13;80,2;43,9;185;48;8,42;1,85;1,85;84,6;2,0;49,4;42,1;8,0;5,0;4,0;
User_1;2026-05-14;72,2;49,4;185;48;8,7;1,19;2,09;81,5;2,0;;;;;;275,0
User_1;2026-05-15;78,0;49,6;185;48;7,74;1,36;2,0;88,4;0,0;;;6,0;2,0;4,0;0,0
User_1;2026-05-16;81,5;47,8;185;48;7,73;1,08;1,95;88,2;1,0;;;6,0;2,0;5,0;1638,0
User_1;2026-05-17;79,2;48,2;185;48;6,63;1,4;1,5;91,4;0,0;52,8;41,8;;;;
User_1;2026-05-18;86,5;50,6;185;48;8,1;1,41;2,05;85,3;1,0;;;5,0;7,0;7,0;0,0
User_1;2026-05-19;74,1;49,5;185;48;6,77;1,12;1,3;88,5;0,0;;;4,0;2,0;9,0;
User_1;2026-05-20;79,8;44,9;185;48;8,43;1,12;1,43;82,5;2,0;;;;;;0,0
User_1;2026-05-21;82,2;47,2;185;48;8,73;1,2;1,43;87,5;1,0;55,2;39,0;;;;325,0
User_1;2026-05-22;86,8;47,3;185;48;6,63;1,37;1,5;84,2;1,0;;;4,0;1,0;7,0;0,0
User_1;2026-05-23;82,7;48,8;185;48;7,38;0,89;1,31;88,0;0,0;;;5,0;4,0;9,0;1274,0
User_1;2026-05-24;76,2;49,1;185;48;8,15;1,01;2,03;89,0;0,0;;;5,0;3,0;9,0;728,0
User_1;2026-05-25;74,4;51,7;185;48;8,3;1,25;1,8;80,4;2,0;54,2;42,9;;;;
User_1;2026-05-26;75,5;47,4;185;48;7,15;1,38;1,51;90,7;0,0;54,9;42,2;;;;280,0
User_1;2026-05-27;88,0;48,1;185;48;6,76;0,94;1,11;89,5;0,0;;;;;;
User_1;2026-05-28;73,1;43,6;185;48;8,02;1,38;1,43;85,9;2,0;54,0;43,2;;;;320,0
User_1;2026-05-29;76,3;48,5;185;48;7,7;0,96;1,22;91,8;0,0;;;7,0;1,0;4,0;0,0
User_1;2026-05-30;82,0;45,3;185;48;7,29;1,55;1,11;88,5;0,0;51,4;41,1;6,0;5,0;9,0;1344,0
User_1;2026-05-31;78,1;45,6;185;48;9,03;1,37;1,97;89,9;1,0;;;9,0;4,0;8,0;1016,0
User_1;2026-06-01;81,6;45,7;185;48;8,55;1,41;1,47;89,9;1,0;;;;;;0,0
User_1;2026-06-02;81,6;48,6;185;48;8,1;1,51;1,46;86,8;1,0;;;;;;265,0
User_1;2026-06-03;77,2;48,7;185;48;7,6;1,43;1,5;85,9;1,0;;;;;;0,0
User_1;2026-06-04;78,6;49,2;185;48;8,31;1,0;1,85;85,8;1,0;51,8;39,8;6,0;2,0;5,0;275,0
User_1;2026-06-05;80,7;47,3;185;48;7,03;1,22;1,49;83,2;2,0;;;7,0;6,0;7,0;0,0
User_1;2026-06-06;76,7;45,8;185;48;8,19;1,32;1,64;87,7;1,0;;;7,0;7,0;8,0;1624,0
User_1;2026-06-07;76,3;49,0;185;48;6,97;1,41;1,41;92,5;0,0;;;8,0;7,0;6,0;912,0
User_1;2026-06-08;89,1;50,1;185;48;7,64;1,56;1,62;89,0;1,0;51,8;42,0;9,0;2,0;6,0;0,0
User_1;2026-06-09;83,6;47,3;185;48;8,49;1,53;2,01;80,4;2,0;;;;;;280,0
User_1;2026-06-10;86,4;51,0;185;48;7,08;1,28;1,07;81,2;2,0;;;;;;0,0
User_1;2026-06-11;75,8;48,1;185;48;7,41;1,17;1,17;82,6;2,0;;;;;;
User_1;2026-06-12;73,7;48,2;185;48;6,79;1,4;1,37;85,9;2,0;54,8;41,4;;;;0,0
User_1;2026-06-13;73,0;48,9;185;48;7,12;1,16;1,17;87,0;1,0;;;6,0;7,0;4,0;
User_1;2026-06-14;83,1;50,1;185;48;8,7;1,84;1,37;89,5;0,0;54,1;41,5;;;;968,0
User_1;2026-06-15;72,9;47,2;185;48;7,57;1,36;1,52;85,7;2,0;55,2;44,7;7,0;4,0;9,0;0,0
User_1;2026-06-16;80,5;48,3;185;48;8,09;1,3;1,86;83,9;2,0;;;4,0;3,0;5,0;340,0
User_1;2026-06-17;82,9;49,9;185;48;8,31;1,2;1,36;85,5;2,0;;;7,0;6,0;7,0;0,0
User_1;2026-06-18;94,2;48,5;185;48;7,11;0,87;1,58;89,4;1,0;;;;;;355,0
User_1;2026-06-19;91,5;47,7;185;48;7,62;1,39;1,49;88,3;1,0;49,7;40,8;4,0;1,0;6,0;0,0
User_1;2026-06-20;76,6;48,9;185;48;7,36;1,08;1,46;80,1;2,0;;;7,0;4,0;7,0;1414,0
User_1;2026-06-21;74,4;47,9;185;48;7,89;1,34;1,97;88,2;1,0;55,1;41,0;8,0;7,0;8,0;
User_1;2026-06-22;81,2;48,2;185;48;7,31;1,51;1,14;90,1;0,0;54,4;40,5;5,0;5,0;6,0;0,0
User_1;2026-06-23;83,0;44,1;185;48;7,73;1,3;1,49;88,3;1,0;56,9;42,0;;;;
User_1;2026-06-24;77,9;49,4;185;48;7,35;1,43;1,52;88,4;1,0;56,9;41,9;;;;
User_1;2026-06-25;79,4;48,0;185;48;6,86;1,08;1,69;83,8;2,0;;;4,0;2,0;8,0;250,0
User_1;2026-06-26;85,5;50,9;185;48;7,98;1,14;1,2;93,7;0,0;54,8;41,2;6,0;4,0;4,0;
User_1;2026-06-27;73,4;50,2;185;48;7,65;1,22;1,7;91,0;0,0;53,4;42,2;8,0;3,0;7,0;1407,0
User_1;2026-06-28;77,3;48,9;185;48;7,4;1,17;1,79;93,0;0,0;;;6,0;2,0;5,0;976,0
User_1;2026-06-29;74,9;48,1;185;48;7,99;1,27;1,99;80,7;2,0;52,8;43,2;9,0;7,0;7,0;
User_1;2026-06-30;74,0;49,0;185;48;8,7;1,34;1,88;84,7;1,0;;;9,0;3,0;9,0;280,0
User_1;2026-07-01;72,0;43,8;185;48;8,86;1,51;2,22;92,1;0,0;53,5;41,8;;;;0,0
User_1;2026-07-02;73,5;47,5;185;48;6,95;1,16;1,11;90,1;0,0;;;9,0;7,0;6,0;
User_1;2026-07-03;81,7;51,2;185;48;8,33;1,72;2,16;89,5;0,0;;;7,0;5,0;5,0;
User_1;2026-07-04;80,8;46,1;185;48;8,09;1,08;1,26;82,7;2,0;;;6,0;6,0;8,0;1652,0
User_1;2026-07-05;86,1;45,5;185;48;7,46;0,94;1,37;88,6;1,0;;;5,0;1,0;8,0;
User_1;2026-07-06;77,0;47,7;185;48;8,01;1,49;1,47;80,0;2,0;;;5,0;3,0;9,0;0,0
User_1;2026-07-07;75,7;47,2;185;48;7,3;1,31;1,66;89,4;0,0;;;;;;
User_1;2026-07-08;88,5;48,4;185;48;6,73;0,93;1,24;80,1;2,0;;;;;;0,0
User_1;2026-07-09;79,6;50,2;185;48;8,1;1,42;1,62;89,2;0,0;;;6,0;1,0;4,0;305,0
User_1;2026-07-10;73,2;46,5;185;48;7,98;0,98;1,29;83,9;2,0;57,9;40,1;5,0;3,0;6,0;
User_1;2026-07-11;84,2;47,3;185;48;8,34;1,79;1,58;81,7;2,0;54,5;41,4;4,0;6,0;5,0;1638,0
User_1;2026-07-12;69,5;50,8;185;48;8,43;1,05;1,48;88,4;0,0;;;;;;912,0
User_1;2026-07-13;81,4;52,6;185;48;7,79;1,51;1,23;85,0;2,0;53,2;43,5;;;;0,0
User_1;2026-07-14;83,5;45,9;185;48;8,03;1,48;1,6;89,5;1,0;;;;;;
User_1;2026-07-15;65,4;47,7;185;48;7,0;1,46;1,41;84,2;2,0;;;;;;0,0
User_1;2026-07-16;88,3;51,1;185;48;7,13;1,51;1,21;89,8;1,0;51,7;43,7;6,0;4,0;5,0;260,0
User_1;2026-07-17;79,2;51,2;185;48;8,2;1,04;1,73;89,8;0,0;;;;;;
User_1;2026-07-18;76,2;48,8;185;48;7,08;0,86;1,21;80,3;2,0;;;8,0;6,0;6,0;1603,0
User_1;2026-07-19;80,1;49,2;185;48;7,66;1,14;1,64;92,1;0,0;;;8,0;4,0;8,0;720,0
User_1;2026-07-20;91,7;47,1;185;48;7,57;1,23;1,75;89,7;1,0;55,8;41,1;;;;0,0
User_1;2026-07-21;79,7;51,1;185;48;8,15;1,66;1,97;84,8;2,0;56,5;41,8;;;;
User_1;2026-07-22;73,2;48,3;185;48;7,45;1,19;1,7;84,1;2,0;;;;;;0,0
User_1;2026-07-23;77,2;47,9;185;48;8,31;1,78;1,78;90,0;1,0;;;7,0;1,0;8,0;310,0
User_1;2026-07-24;86,9;47,9;185;48;8,22;1,49;1,43;92,0;0,0;;;;;;
User_1;2026-07-25;68,4;48,5;185;48;7,95;1,71;1,34;91,7;0,0;;;9,0;3,0;6,0;
User_1;2026-07-26;80,6;44,7;185;48;8,99;1,49;2,08;82,2;2,0;51,3;41,8;9,0;3,0;8,0;856,0
User_1;2026-07-27;75,8;44,8;185;48;9,03;1,61;2,26;83,1;2,0;;;;;;0,0
User_1;2026-07-28;79,3;49,1;185;48;8,05;1,17;1,31;84,7;2,0;;;7,0;4,0;5,0;
User_1;2026-07-29;74,9;48,3;185;48;7,85;1,25;1,29;83,2;2,0;;;5,0;1,0;6,0;
User_1;2026-07-30;78,3;47,1;185;48;8,59;1,37;1,75;83,1;2,0;;;;;;
User_1;2026-07-31;81,7;49,9;185;48;8,48;1,62;1,32;87,0;1,0;53,7;43,5;8,0;4,0;8,0;
User_1;2026-08-01;75,1;43,8;185;48;7,32;1,46;1,4;90,0;0,0;;;;;;
User_1;2026-08-02;78,1;44,3;185;48;7,95;1,13;1,48;81,9;2,0;;;5,0;7,0;9,0;
User_1;2026-08-03;71,6;49,0;185;48;6,88;1,44;1,18;91,9;0,0;;;;;;
User_1;2026-08-04;71,2;50,9;185;48;9,23;1,76;2,25;84,2;1,0;;;;;;290,0
User_1;2026-08-05;79,5;45,0;185;48;7,61;1,33;1,3;80,4;2,0;;;4,0;7,0;7,0;0,0
User_2;2026-05-08;;;185;58;;;;;;;;;;;
User_2;2026-05-09;;;185;58;;;;;;;;;;;371,0
User_2;2026-05-10;;;185;58;;;;;;;;;;;1020,0
User_2;2026-05-11;;;185;58;;;;;;;;;;;0,0
User_2;2026-05-12;;;185;58;;;;;;;;;;;476,0
User_2;2026-05-13;;;185;58;;;;;;;;;;;
User_2;2026-05-14;;;185;58;;;;;;;;;;;
User_2;2026-05-15;;;185;58;;;;;;;;;;;
User_2;2026-05-16;;;185;58;;;;;;;;;;;350,0
User_2;2026-05-17;;;185;58;;;;;;;;;;;
User_2;2026-05-18;;;185;58;;;;;;;;;;;0,0
User_2;2026-05-19;;;185;58;;;;;;;;5,0;1,0;8,0;
User_2;2026-05-20;;;185;58;;;;;;;;;;;
User_2;2026-05-21;;;185;58;;;;;;;;;;;
User_2;2026-05-22;;;185;58;;;;;;;;;;;
User_2;2026-05-23;;;185;58;;;;;;;;;;;392,0
User_2;2026-05-24;;;185;58;;;;;;;;5,0;5,0;8,0;
User_2;2026-05-25;;;185;58;;;;;;;;;;;0,0
User_2;2026-05-26;;;185;58;;;;;;;;;;;504,0
User_2;2026-05-27;;;185;58;;;;;;;;;;;
User_2;2026-05-28;;;185;58;;;;;;;;;;;
User_2;2026-05-29;;;185;58;;;;;;;;;;;
User_2;2026-05-30;;;185;58;;;;;;;;;;;357,0
User_2;2026-05-31;;;185;58;;;;;;;;;;;
User_2;2026-06-01;;;185;58;;;;;;;;;;;
User_2;2026-06-02;;;185;58;;;;;;;;;;;
User_2;2026-06-03;;;185;58;;;;;;;;;;;
User_2;2026-06-04;;;185;58;;;;;;;;;;;462,0
User_2;2026-06-05;;;185;58;;;;;;;;9,0;6,0;5,0;0,0
User_2;2026-06-06;;;185;58;;;;;;;;;;;
User_2;2026-06-07;;;185;58;;;;;;;;;;;
User_2;2026-06-08;;;185;58;;;;;;;;;;;
User_2;2026-06-09;;;185;58;;;;;;;;;;;
User_2;2026-06-10;;;185;58;;;;;;;;;;;0,0
User_2;2026-06-11;;;185;58;;;;;;;;;;;
User_2;2026-06-12;;;185;58;;;;;;;;;;;
User_2;2026-06-13;;;185;58;;;;;;;;;;;
User_2;2026-06-14;;;185;58;;;;;;;;;;;
User_2;2026-06-15;;;185;58;;;;;;;;7,0;3,0;6,0;
User_2;2026-06-16;;;185;58;;;;;;;;;;;
User_2;2026-06-17;;;185;58;;;;;;;;;;;
User_2;2026-06-18;;;185;58;;;;;;;;4,0;7,0;8,0;
User_2;2026-06-19;;;185;58;;;;;;;;;;;
User_2;2026-06-20;;;185;58;;;;;;;;;;;
User_2;2026-06-21;;;185;58;;;;;;;;;;;
User_2;2026-06-22;;;185;58;;;;;;;;;;;
User_2;2026-06-23;;;185;58;;;;;;;;6,0;6,0;6,0;
User_2;2026-06-24;;;185;58;;;;;;;;;;;0,0
User_2;2026-06-25;;;185;58;;;;;;;;7,0;1,0;9,0;
User_2;2026-06-26;;;185;58;;;;;;;;7,0;5,0;6,0;
User_2;2026-06-27;;;185;58;;;;;;;;7,0;2,0;5,0;
User_2;2026-06-28;;;185;58;;;;;;;;8,0;1,0;4,0;
User_2;2026-06-29;;;185;58;;;;;;;;;;;
User_2;2026-06-30;;;185;58;;;;;;;;;;;
User_2;2026-07-01;;;185;58;;;;;;;;;;;
User_2;2026-07-02;;;185;58;;;;;;;;;;;
User_2;2026-07-03;;;185;58;;;;;;;;7,0;2,0;8,0;0,0
User_2;2026-07-04;;;185;58;;;;;;;;;;;490,0
User_2;2026-07-05;;;185;58;;;;;;;;6,0;1,0;8,0;
User_2;2026-07-06;;;185;58;;;;;;;;;;;
User_2;2026-07-07;;;185;58;;;;;;;;;;;378,0
User_2;2026-07-08;;;185;58;;;;;;;;;;;
User_2;2026-07-09;;;185;58;;;;;;;;4,0;7,0;9,0;
User_2;2026-07-10;;;185;58;;;;;;;;;;;
User_2;2026-07-11;;;185;58;;;;;;;;;;;
User_2;2026-07-12;;;185;58;;;;;;;;;;;
User_2;2026-07-13;;;185;58;;;;;;;;;;;0,0
User_2;2026-07-14;;;185;58;;;;;;;;;;;
User_2;2026-07-15;;;185;58;;;;;;;;;;;
User_2;2026-07-16;;;185;58;;;;;;;;9,0;4,0;5,0;
User_2;2026-07-17;;;185;58;;;;;;;;;;;
User_2;2026-07-18;;;185;58;;;;;;;;;;;
User_2;2026-07-19;;;185;58;;;;;;;;;;;
User_2;2026-07-20;;;185;58;;;;;;;;6,0;6,0;7,0;
User_2;2026-07-21;;;185;58;;;;;;;;;;;
User_2;2026-07-22;;;185;58;;;;;;;;;;;
User_2;2026-07-23;;;185;58;;;;;;;;4,0;1,0;7,0;
User_2;2026-07-24;;;185;58;;;;;;;;;;;0,0
User_2;2026-07-25;;;185;58;;;;;;;;;;;
User_2;2026-07-26;;;185;58;;;;;;;;;;;
User_2;2026-07-27;;;185;58;;;;;;;;;;;0,0
User_2;2026-07-28;;;185;58;;;;;;;;;;;
User_2;2026-07-29;;;185;58;;;;;;;;;;;
User_2;2026-07-30;;;185;58;;;;;;;;;;;448,0
User_2;2026-07-31;;;185;58;;;;;;;;;;;
User_2;2026-08-01;;;185;58;;;;;;;;;;;
User_2;2026-08-02;;;185;58;;;;;;;;;;;1068,0
User_2;2026-08-03;;;185;58;;;;;;;;;;;
User_2;2026-08-04;;;185;58;;;;;;;;;;;
User_2;2026-08-05;;;185;58;;;;;;;;;;;
User_3;2026-05-08;34,8;65,3;190;68;5,86;0,93;0,88;64,9;6,0;;;7,0;1,0;6,0;93,0
User_3;2026-05-09;24,6;68,1;190;68;6,36;1,37;1,38;68,1;6,0;;;7,0;5,0;8,0;0,0
User_3;2026-05-10;36,6;66,8;190;68;7,46;1,29;1,27;80,3;3,0;;;5,0;5,0;4,0;0,0
User_3;2026-05-11;36,2;67,6;190;68;7,12;0,96;1,16;77,8;4,0;;;7,0;2,0;8,0;84,0
User_3;2026-05-12;31,9;70,3;190;68;6,86;0,82;1,42;79,4;3,0;;;;;;0,0
User_3;2026-05-13;27,5;67,4;190;68;6,5;1,41;1,62;64,4;6,0;;;;;;111,0
User_3;2026-05-14;30,7;71,6;190;68;6,16;0,9;1,58;77,1;3,0;;;;;;0,0
User_3;2026-05-15;45,1;70,0;190;68;7,59;1,52;1,92;76,1;4,0;;;;;;126,0
User_3;2026-05-16;37,6;67,2;190;68;6,31;0,85;1,09;81,8;3,0;;;4,0;6,0;9,0;0,0
User_3;2026-05-17;29,2;67,2;190;68;5,05;1,06;1,2;77,9;3,0;;;4,0;7,0;9,0;0,0
User_3;2026-05-18;42,8;72,2;190;68;7,54;1,33;1,15;69,6;6,0;;;7,0;6,0;4,0;132,0
User_3;2026-05-19;32,8;67,9;190;68;7,14;1,07;1,49;79,7;3,0;;;5,0;3,0;9,0;0,0
User_3;2026-05-20;32,7;64,0;190;68;5,73;1,25;1,45;68,9;5,0;;;5,0;7,0;9,0;
User_3;2026-05-21;33,5;68,1;190;68;6,54;1,05;1,42;71,0;5,0;;;4,0;5,0;5,0;0,0
User_3;2026-05-22;30,9;70,3;190;68;7,05;1,48;1,37;69,2;6,0;;;4,0;1,0;5,0;123,0
User_3;2026-05-23;34,7;70,0;190;68;6,72;1,08;1,56;76,1;3,0;;;8,0;5,0;4,0;0,0
User_3;2026-05-24;30,6;68,9;190;68;6,53;0,81;1,06;72,1;4,0;;;9,0;4,0;5,0;0,0
User_3;2026-05-25;36,4;67,8;190;68;7,71;0,96;1,62;71,3;5,0;;;9,0;6,0;5,0;87,0
User_3;2026-05-26;24,8;64,7;190;68;6,39;1,12;1,09;76,5;3,0;;;8,0;4,0;4,0;0,0
User_3;2026-05-27;35,0;69,4;190;68;7,58;1,42;1,16;69,7;6,0;;;7,0;5,0;7,0;
User_3;2026-05-28;37,7;67,1;190;68;6,59;1,04;1,12;79,4;3,0;;;5,0;7,0;5,0;
User_3;2026-05-29;33,1;68,1;190;68;7,35;1,39;1,29;69,4;6,0;;;7,0;5,0;5,0;78,0
User_3;2026-05-30;22,0;69,5;190;68;6,73;1,32;1,29;73,4;5,0;;;7,0;7,0;5,0;0,0
User_3;2026-05-31;37,2;66,9;190;68;6,7;0,93;1,5;72,2;4,0;;;5,0;5,0;8,0;0,0
User_3;2026-06-01;39,8;68,6;190;68;7,75;1,58;1,26;72,4;4,0;;;8,0;2,0;9,0;123,0
User_3;2026-06-02;22,0;65,6;190;68;5,77;0,98;0,99;69,6;6,0;;;;;;0,0
User_3;2026-06-03;34,2;64,9;190;68;7,38;1,39;1,88;80,8;3,0;;;5,0;4,0;7,0;108,0
User_3;2026-06-04;35,5;67,5;190;68;7,11;1,04;1,31;64,2;6,0;;;7,0;4,0;6,0;0,0
User_3;2026-06-05;31,8;70,1;190;68;6,62;0,82;1,15;69,8;6,0;;;4,0;2,0;8,0;96,0
User_3;2026-06-06;35,6;65,0;190;68;5,14;0,98;0,82;80,9;3,0;;;6,0;4,0;6,0;
User_3;2026-06-07;25,4;69,5;190;68;6,2;0,94;1,1;75,4;4,0;;;5,0;4,0;4,0;
User_3;2026-06-08;32,6;70,5;190;68;6,14;1,16;0,99;76,7;4,0;;;9,0;7,0;5,0;123,0
User_3;2026-06-09;25,4;67,2;190;68;5,63;0,76;1,12;74,3;4,0;;;8,0;5,0;9,0;0,0
User_3;2026-06-10;41,8;66,5;190;68;8,5;1,82;1,81;79,6;3,0;;;8,0;4,0;9,0;111,0
User_3;2026-06-11;47,3;65,7;190;68;7,16;1,45;1,44;72,2;5,0;;;8,0;6,0;6,0;0,0
User_3;2026-06-12;32,6;67,7;190;68;6,66;1,22;1,32;76,6;3,0;;;;;;123,0
User_3;2026-06-13;38,6;70,7;190;68;7,35;1,41;1,38;69,4;6,0;;;6,0;1,0;9,0;0,0
User_3;2026-06-14;37,0;66,7;190;68;7,51;1,17;1,82;79,3;3,0;;;5,0;1,0;6,0;0,0
User_3;2026-06-15;43,7;68,7;190;68;8,32;1,11;1,28;70,3;5,0;;;7,0;6,0;6,0;129,0
User_3;2026-06-16;39,1;66,0;190;68;7,09;1,32;1,36;77,6;3,0;;;6,0;2,0;4,0;
User_3;2026-06-17;32,4;68,4;190;68;6,67;1,04;1,5;76,7;3,0;;;4,0;1,0;9,0;
User_3;2026-06-18;34,1;69,9;190;68;8,39;1,02;1,28;73,3;4,0;;;;;;0,0
User_3;2026-06-19;44,4;71,1;190;68;7,46;1,44;1,39;73,1;5,0;;;6,0;4,0;5,0;
User_3;2026-06-20;27,7;67,8;190;68;7,15;0,91;1,59;67,3;6,0;;;8,0;4,0;5,0;0,0
User_3;2026-06-21;25,4;65,9;190;68;7,56;1,27;1,61;74,2;4,0;;;9,0;5,0;4,0;0,0
User_3;2026-06-22;21,3;65,8;190;68;6,77;1,42;1,53;65,6;6,0;;;8,0;2,0;4,0;81,0
User_3;2026-06-23;28,0;69,9;190;68;6,71;1,35;1,58;74,0;5,0;;;5,0;4,0;6,0;0,0
User_3;2026-06-24;33,2;67,0;190;68;5,89;1,27;1,02;77,3;3,0;;;5,0;6,0;6,0;132,0
User_3;2026-06-25;33,7;64,3;190;68;7,33;1,59;1,22;69,9;5,0;;;8,0;2,0;4,0;0,0
User_3;2026-06-26;42,7;66,3;190;68;6,8;1,1;1,41;78,7;3,0;;;4,0;3,0;9,0;
User_3;2026-06-27;25,1;68,4;190;68;7,92;1,68;1,79;72,8;4,0;;;7,0;7,0;6,0;0,0
User_3;2026-06-28;23,7;67,6;190;68;5,38;1,03;1,05;81,7;3,0;;;7,0;2,0;4,0;0,0
User_3;2026-06-29;40,5;69,2;190;68;8,35;1,77;1,72;69,8;5,0;;;7,0;7,0;8,0;87,0
User_3;2026-06-30;36,2;69,6;190;68;7,77;1,36;1,89;72,1;5,0;;;;;;
User_3;2026-07-01;34,2;73,0;190;68;6,26;0,95;1,03;65,5;6,0;;;5,0;3,0;9,0;
User_3;2026-07-02;33,8;67,9;190;68;8,13;1,37;2,02;70,2;5,0;;;4,0;3,0;6,0;0,0
User_3;2026-07-03;27,8;69,8;190;68;5,77;0,89;1,09;68,2;5,0;;;7,0;6,0;8,0;102,0
User_3;2026-07-04;36,9;65,2;190;68;8,29;1,4;1,26;67,8;6,0;;;;;;0,0
User_3;2026-07-05;25,6;68,4;190;68;7,26;1,53;1,74;68,9;6,0;;;6,0;2,0;7,0;0,0
User_3;2026-07-06;33,3;69,8;190;68;6,42;1,37;1,61;66,1;6,0;;;5,0;2,0;7,0;
User_3;2026-07-07;31,7;68,3;190;68;6,64;0,98;1,19;73,0;5,0;;;6,0;3,0;4,0;0,0
User_3;2026-07-08;42,0;66,7;190;68;7,42;1,11;1,76;65,8;6,0;;;4,0;5,0;5,0;105,0
User_3;2026-07-09;40,8;68,9;190;68;8,4;1,36;1,43;79,5;3,0;;;8,0;2,0;5,0;0,0
User_3;2026-07-10;33,3;70,0;190;68;6,74;1,08;1,33;79,6;3,0;;;;;;90,0
User_3;2026-07-11;27,0;66,1;190;68;7,45;1,11;1,31;73,0;4,0;;;;;;0,0
User_3;2026-07-12;39,9;67,1;190;68;7,67;1,09;1,3;71,4;5,0;;;;;;0,0
User_3;2026-07-13;26,8;68,3;190;68;7,65;1,56;1,51;74,2;4,0;;;6,0;4,0;9,0;108,0
User_3;2026-07-14;34,6;66,1;190;68;8,19;1,07;1,47;72,8;4,0;;;5,0;6,0;9,0;
User_3;2026-07-15;30,8;65,3;190;68;7,72;1,62;1,57;73,6;4,0;;;7,0;3,0;6,0;132,0
User_3;2026-07-16;36,8;67,7;190;68;7,9;1,09;1,9;64,6;6,0;;;7,0;7,0;8,0;0,0
User_3;2026-07-17;39,3;67,6;190;68;7,17;1,45;1,31;66,4;6,0;;;8,0;7,0;8,0;129,0
User_3;2026-07-18;33,3;68,2;190;68;7,11;1,04;1,81;68,6;6,0;;;;;;
User_3;2026-07-19;33,2;66,5;190;68;6,42;1,4;1,24;77,8;3,0;;;8,0;3,0;6,0;
User_3;2026-07-20;32,0;71,7;190;68;8,0;1,57;1,54;72,9;4,0;;;8,0;2,0;8,0;99,0
User_3;2026-07-21;37,9;66,6;190;68;6,99;1,25;1,55;65,5;6,0;;;5,0;4,0;8,0;0,0
User_3;2026-07-22;34,5;69,1;190;68;6,59;1,19;1,6;77,8;4,0;;;7,0;5,0;4,0;111,0
User_3;2026-07-23;38,9;66,1;190;68;6,5;1,39;1,62;76,2;3,0;;;4,0;1,0;5,0;0,0
User_3;2026-07-24;35,2;68,0;190;68;7,26;1,27;1,79;72,6;4,0;;;6,0;2,0;4,0;
User_3;2026-07-25;40,1;68,4;190;68;7,79;1,6;1,71;78,8;3,0;;;6,0;1,0;9,0;0,0
User_3;2026-07-26;34,2;67,9;190;68;6,77;1,01;1,35;65,0;6,0;;;4,0;4,0;9,0;
User_3;2026-07-27;34,2;66,2;190;68;7,52;1,16;1,94;72,8;5,0;;;;;;111,0
User_3;2026-07-28;36,4;68,5;190;68;7,0;1,02;1,36;72,0;4,0;;;;;;0,0
User_3;2026-07-29;35,8;64,9;190;68;5,64;0,87;0,96;64,9;6,0;;;8,0;7,0;6,0;111,0
User_3;2026-07-30;28,4;69,3;190;68;6,09;1,12;1,27;73,3;4,0;;;8,0;7,0;5,0;
User_3;2026-07-31;38,2;63,9;190;68;6,25;0,89;1,02;73,1;5,0;;;9,0;7,0;7,0;
User_3;2026-08-01;38,1;65,7;190;68;6,45;0,81;1,36;72,7;4,0;;;;;;
User_3;2026-08-02;32,8;68,1;190;68;6,28;1,27;1,26;76,5;4,0;;;;;;0,0
User_3;2026-08-03;26,8;68,8;190;68;5,88;1,27;1,44;68,8;6,0;;;5,0;6,0;7,0;96,0
User_3;2026-08-04;30,4;68,7;190;68;5,01;0,7;0,93;67,5;6,0;;;;;;0,0
User_3;2026-08-05;32,3;68,7;190;68;6,29;0,82;1,1;80,9;3,0;;;5,0;6,0;7,0;
User_4;2026-05-08;69,2;56,5;190;56;8,1;1,19;1,94;84,1;2,0;;;7,0;6,0;5,0;0,0
User_4;2026-05-09;66,9;57,9;190;56;4,13;0,88;0,95;74,9;4,0;;;9,0;7,0;4,0;0,0
User_4;2026-05-10;66,5;57,2;190;56;6,1;1,19;1,16;77,4;3,0;;;6,0;4,0;8,0;0,0
User_4;2026-05-11;66,9;56,4;190;56;6,82;1,16;1,1;89,1;1,0;;;4,0;7,0;9,0;0,0
User_4;2026-05-12;64,5;55,2;190;56;6,04;1,32;1,31;83,6;2,0;;;6,0;1,0;6,0;150,0
User_4;2026-05-13;61,9;56,2;190;56;7,29;1,37;1,42;84,2;2,0;;;6,0;2,0;4,0;
User_4;2026-05-14;65,8;52,2;190;56;6,59;1,21;1,7;89,8;1,0;;;9,0;2,0;7,0;0,0
User_4;2026-05-15;70,3;52,9;190;56;7,45;1,34;1,62;85,7;1,0;;;;;;150,0
User_4;2026-05-16;67,6;54,1;190;56;5,46;0,91;1,42;70,9;5,0;;;5,0;3,0;6,0;0,0
User_4;2026-05-17;72,0;54,5;190;56;5,84;0,83;1,23;77,9;4,0;;;;;;0,0
User_4;2026-05-18;62,1;52,9;190;56;6,89;1,24;1,79;84,7;1,0;;;9,0;7,0;6,0;0,0
User_4;2026-05-19;66,3;55,1;190;56;7,74;0,98;1,87;89,7;1,0;;;6,0;7,0;8,0;260,0
User_4;2026-05-20;60,2;60,4;190;56;6,05;0,78;0,95;81,1;2,0;;;6,0;1,0;9,0;200,0
User_4;2026-05-21;70,3;57,2;190;56;7,58;0,97;1,78;89,8;1,0;;;8,0;3,0;9,0;265,0
User_4;2026-05-22;72,8;56,9;190;56;7,13;1,16;1,8;88,3;1,0;;;6,0;2,0;8,0;0,0
User_4;2026-05-23;63,1;58,8;190;56;4,74;0,81;1,02;77,8;3,0;;;8,0;4,0;9,0;0,0
User_4;2026-05-24;60,2;56,3;190;56;5,63;0,69;1,04;73,6;5,0;;;9,0;7,0;6,0;275,0
User_4;2026-05-25;63,0;53,9;190;56;6,82;1,0;1,67;85,3;1,0;;;7,0;5,0;4,0;0,0
User_4;2026-05-26;67,8;54,7;190;56;7,66;1,58;1,61;88,4;1,0;;;6,0;3,0;9,0;0,0
User_4;2026-05-27;59,8;56,5;190;56;6,87;1,5;1,76;85,7;1,0;;;4,0;1,0;6,0;0,0
User_4;2026-05-28;71,5;57,0;190;56;7,19;1,54;1,77;85,1;2,0;;;7,0;5,0;7,0;0,0
User_4;2026-05-29;66,0;57,8;190;56;6,94;0,9;1,5;85,2;2,0;;;7,0;3,0;5,0;0,0
User_4;2026-05-30;59,4;53,3;190;56;3,33;0,5;0,84;73,7;4,0;;;8,0;7,0;9,0;215,0
User_4;2026-05-31;65,1;55,7;190;56;4,53;0,82;1,05;69,9;5,0;;;5,0;5,0;6,0;
User_4;2026-06-01;80,8;56,3;190;56;6,01;1,2;1,32;87,6;1,0;;;5,0;2,0;5,0;280,0
User_4;2026-06-02;62,3;54,5;190;56;7,87;1,63;1,28;89,9;1,0;;;9,0;1,0;4,0;185,0
User_4;2026-06-03;64,3;58,4;190;56;6,71;0,81;1,7;85,2;1,0;;;6,0;4,0;8,0;0,0
User_4;2026-06-04;60,3;60,0;190;56;7,38;0,91;1,76;84,0;1,0;;;4,0;4,0;7,0;0,0
User_4;2026-06-05;62,9;59,7;190;56;7,71;1,48;1,84;88,0;1,0;;;8,0;5,0;4,0;0,0
User_4;2026-06-06;67,1;55,2;190;56;4,6;0,94;0,76;68,6;5,0;;;4,0;2,0;9,0;0,0
User_4;2026-06-07;60,4;57,1;190;56;5,62;0,68;0,87;72,5;5,0;;;8,0;2,0;7,0;170,0
User_4;2026-06-08;64,7;54,6;190;56;6,26;1,34;1,2;85,8;2,0;;;5,0;7,0;8,0;285,0
User_4;2026-06-09;71,5;55,6;190;56;6,81;1,25;1,13;84,4;1,0;;;;;;0,0
User_4;2026-06-10;69,2;53,1;190;56;6,9;1,08;1,11;88,2;1,0;;;4,0;3,0;6,0;0,0
User_4;2026-06-11;65,0;54,6;190;56;7,84;1,33;1,26;84,6;2,0;;;7,0;7,0;4,0;0,0
User_4;2026-06-12;68,4;60,4;190;56;7,37;1,59;1,22;80,3;2,0;;;5,0;1,0;4,0;150,0
User_4;2026-06-13;69,5;59,4;190;56;5,69;0,74;1,26;77,0;3,0;;;4,0;7,0;5,0;295,0
User_4;2026-06-14;66,9;55,1;190;56;5,11;0,82;1,15;78,0;3,0;;;;;;150,0
User_4;2026-06-15;61,2;53,5;190;56;6,97;1,1;1,78;89,4;1,0;;;5,0;1,0;6,0;165,0
User_4;2026-06-16;73,7;54,3;190;56;8,35;1,66;1,44;84,4;2,0;;;8,0;7,0;6,0;185,0
User_4;2026-06-17;65,0;59,5;190;56;6,74;1,41;1,42;82,4;2,0;;;5,0;3,0;6,0;0,0
User_4;2026-06-18;62,6;59,8;190;56;7,72;1,7;1,83;80,7;2,0;;;8,0;5,0;5,0;270,0
User_4;2026-06-19;71,5;52,9;190;56;7,21;1,53;1,48;85,2;2,0;;;9,0;6,0;9,0;0,0
User_4;2026-06-20;69,6;55,1;190;56;3,55;0,44;0,66;74,1;4,0;;;7,0;3,0;8,0;0,0
User_4;2026-06-21;61,1;58,4;190;56;4,37;0,86;0,82;77,6;3,0;;;5,0;1,0;5,0;0,0
User_4;2026-06-22;63,7;53,3;190;56;8,02;1,65;1,76;86,7;1,0;;;6,0;4,0;7,0;255,0
User_4;2026-06-23;61,8;56,6;190;56;6,09;1,21;1,24;89,8;1,0;;;9,0;7,0;6,0;0,0
User_4;2026-06-24;73,9;56,9;190;56;6,45;1,19;1,33;86,2;1,0;;;4,0;4,0;4,0;220,0
User_4;2026-06-25;65,0;55,9;190;56;6,47;1,4;1,1;84,4;2,0;;;8,0;5,0;4,0;0,0
User_4;2026-06-26;71,5;53,6;190;56;6,07;0,82;1,28;87,2;1,0;;;6,0;2,0;8,0;235,0
User_4;2026-06-27;70,0;56,3;190;56;4,73;0,6;0,73;68,0;5,0;;;9,0;6,0;5,0;205,0
User_4;2026-06-28;70,1;59,5;190;56;5,68;0,77;1,0;74,3;4,0;;;7,0;4,0;8,0;0,0
User_4;2026-06-29;68,7;54,9;190;56;6,75;1,0;1,56;87,8;1,0;;;6,0;2,0;9,0;255,0
User_4;2026-06-30;66,4;61,9;190;56;6,39;1,02;1,36;87,2;1,0;;;7,0;6,0;7,0;0,0
User_4;2026-07-01;72,8;57,3;190;56;6,81;1,06;1,68;86,0;1,0;;;7,0;5,0;5,0;0,0
User_4;2026-07-02;64,6;58,1;190;56;8,03;1,2;1,56;84,2;1,0;;;9,0;5,0;8,0;0,0
User_4;2026-07-03;63,1;58,6;190;56;7,14;0,96;1,33;88,7;1,0;;;7,0;6,0;9,0;
User_4;2026-07-04;59,3;59,2;190;56;3,96;0,81;0,83;74,0;5,0;;;5,0;6,0;9,0;225,0
User_4;2026-07-05;71,6;59,1;190;56;5,46;1,05;1,32;72,1;4,0;;;8,0;5,0;5,0;0,0
User_4;2026-07-06;65,6;54,7;190;56;6,45;0,94;1,27;85,4;1,0;;;8,0;3,0;7,0;0,0
User_4;2026-07-07;74,1;54,1;190;56;6,23;1,24;1,14;86,1;1,0;;;4,0;5,0;6,0;0,0
User_4;2026-07-08;67,2;55,5;190;56;6,96;1,19;1,45;87,5;1,0;;;6,0;5,0;7,0;
User_4;2026-07-09;59,9;57,4;190;56;7,98;1,28;1,46;84,0;2,0;;;;;;0,0
User_4;2026-07-10;65,9;57,1;190;56;6,9;1,49;1,64;84,5;2,0;;;;;;0,0
User_4;2026-07-11;67,1;56,6;190;56;4,88;0,87;1,26;68,8;5,0;;;;;;0,0
User_4;2026-07-12;63,1;57,8;190;56;5,07;0,61;1,16;73,2;4,0;;;5,0;6,0;8,0;
User_4;2026-07-13;78,7;52,8;190;56;6,03;0,84;1,45;87,7;1,0;;;;;;215,0
User_4;2026-07-14;62,8;59,2;190;56;5,5;0,83;1,23;87,0;1,0;;;6,0;2,0;6,0;285,0
User_4;2026-07-15;69,2;54,5;190;56;7,46;1,52;1,53;83,0;2,0;;;4,0;7,0;5,0;265,0
User_4;2026-07-16;64,5;54,1;190;56;6,6;1,07;1,32;80,0;2,0;;;9,0;5,0;7,0;0,0
User_4;2026-07-17;68,1;54,4;190;56;6,45;1,26;1,49;81,3;2,0;;;8,0;7,0;9,0;205,0
User_4;2026-07-18;68,7;54,9;190;56;4,38;0,94;0,66;77,0;3,0;;;8,0;5,0;9,0;215,0
User_4;2026-07-19;71,9;59,5;190;56;4,27;0,74;0,65;71,0;5,0;;;8,0;2,0;7,0;
User_4;2026-07-20;57,3;55,0;190;56;7,4;1,12;1,34;85,4;2,0;;;4,0;5,0;4,0;0,0
User_4;2026-07-21;60,9;54,4;190;56;7,75;1,26;1,22;84,9;1,0;;;9,0;6,0;7,0;235,0
User_4;2026-07-22;61,5;52,9;190;56;6,61;1,16;1,69;85,0;1,0;;;8,0;6,0;5,0;155,0
User_4;2026-07-23;61,4;55,6;190;56;7,18;1,21;1,86;86,7;1,0;;;;;;0,0
User_4;2026-07-24;65,3;57,4;190;56;5,5;0,77;1,19;90,0;1,0;;;9,0;2,0;7,0;0,0
User_4;2026-07-25;66,2;58,9;190;56;4,26;0,65;0,96;80,7;3,0;;;4,0;4,0;5,0;0,0
User_4;2026-07-26;59,9;58,9;190;56;5,53;1,15;1,21;74,3;4,0;;;9,0;4,0;8,0;0,0
User_4;2026-07-27;64,7;60,9;190;56;6,07;1,25;1,39;83,1;2,0;;;7,0;1,0;5,0;270,0
User_4;2026-07-28;74,8;55,3;190;56;6,34;1,22;1,06;86,2;1,0;;;4,0;6,0;9,0;0,0
User_4;2026-07-29;69,6;56,8;190;56;7,2;1,48;1,67;85,7;1,0;;;8,0;2,0;4,0;
User_4;2026-07-30;74,6;54,1;190;56;7,58;1,14;1,82;84,0;2,0;;;6,0;2,0;7,0;150,0
User_4;2026-07-31;59,1;52,6;190;56;6,56;0,82;1,6;87,6;1,0;;;9,0;6,0;8,0;285,0
User_4;2026-08-01;58,5;57,4;190;56;4,57;0,87;0,71;72,3;5,0;;;6,0;6,0;6,0;265,0
User_4;2026-08-02;72,6;58,0;190;56;5,14;0,99;1,15;72,1;4,0;;;;;;205,0
User_4;2026-08-03;63,3;56,4;190;56;6,8;1,31;1,34;83,1;2,0;;;5,0;1,0;5,0;0,0
User_4;2026-08-04;60,0;56,5;190;56;7,21;1,29;1,65;81,0;2,0;;;;;;0,0
User_4;2026-08-05;66,9;53,2;190;56;8,28;1,49;2,11;81,2;2,0;;;5,0;6,0;7,0;0,0
User_5;2026-05-08;94,4;45,9;190;44;7,82;1,15;1,25;84,3;2,0;53,5;42,5;4,0;2,0;9,0;
User_5;2026-05-09;90,7;45,8;190;44;7,8;1,43;1,93;84,4;1,0;50,0;39,9;9,0;2,0;7,0;
User_5;2026-05-10;91,7;48,6;190;44;7,14;1,2;1,6;90,8;0,0;;;;;;
User_5;2026-05-11;95,7;43,1;190;44;6,69;1,15;1,06;83,6;2,0;;;4,0;6,0;9,0;
User_5;2026-05-12;88,0;44,2;190;44;8,08;1,41;1,47;90,1;0,0;54,7;41,4;;;;
User_5;2026-05-13;90,1;43,3;190;44;6,53;1,01;1,56;89,7;0,0;53,6;42,5;6,0;6,0;8,0;483,0
User_5;2026-05-14;89,8;45,3;190;44;7,47;1,5;1,55;85,7;1,0;;;;;;392,0
User_5;2026-05-15;96,9;45,4;190;44;7,97;1,17;1,69;87,4;1,0;54,8;39,8;;;;483,0
User_5;2026-05-16;92,1;45,0;190;44;7,69;1,32;1,47;85,8;1,0;;;;;;
User_5;2026-05-17;89,0;45,5;190;44;7,84;1,63;1,75;84,3;2,0;;;;;;637,0
User_5;2026-05-18;84,8;44,7;190;44;8,47;1,83;2,14;93,6;0,0;;;5,0;3,0;4,0;0,0
User_5;2026-05-19;90,1;43,8;190;44;6,76;0,92;1,14;87,1;1,0;;;9,0;7,0;7,0;329,0
User_5;2026-05-20;93,0;47,0;190;44;6,22;0,79;1,46;82,4;2,0;52,1;44,5;7,0;1,0;8,0;
User_5;2026-05-21;95,3;44,7;190;44;8,09;1,58;1,69;85,4;1,0;;;4,0;2,0;5,0;490,0
User_5;2026-05-22;77,8;38,9;190;44;6,74;1,32;1,35;81,6;2,0;;;8,0;7,0;9,0;
User_5;2026-05-23;86,0;41,9;190;44;5,94;0,75;1,13;89,4;0,0;;;9,0;1,0;5,0;714,0
User_5;2026-05-24;90,6;45,5;190;44;7,26;1,49;1,3;89,7;1,0;;;6,0;7,0;9,0;
User_5;2026-05-25;84,6;46,6;190;44;7,97;1,64;1,99;91,4;0,0;;;;;;
User_5;2026-05-26;89,2;45,9;190;44;8,08;1,31;2,02;88,9;0,0;;;;;;
User_5;2026-05-27;93,4;43,3;190;44;7,44;1,63;1,84;84,5;2,0;;;;;;
User_5;2026-05-28;80,5;43,8;190;44;8,0;1,44;1,4;89,7;1,0;;;9,0;6,0;7,0;
User_5;2026-05-29;87,2;45,5;190;44;6,04;0,9;1,41;86,4;1,0;;;9,0;6,0;7,0;322,0
User_5;2026-05-30;82,7;43,4;190;44;6,84;0,87;1,28;85,2;1,0;;;5,0;3,0;4,0;728,0
User_5;2026-05-31;86,8;42,0;190;44;7,8;1,61;1,79;84,6;1,0;;;;;;476,0
User_5;2026-06-01;86,9;41,5;190;44;7,9;1,16;1,29;84,8;1,0;60,6;39,9;5,0;6,0;6,0;
User_5;2026-06-02;92,4;46,3;190;44;8,52;1,57;1,32;89,6;0,0;;;;;;406,0
User_5;2026-06-03;88,0;43,4;190;44;8,21;1,44;1,69;88,9;1,0;;;;;;
User_5;2026-06-04;91,0;43,5;190;44;7,98;1,25;2,0;84,5;2,0;;;9,0;3,0;7,0;504,0
User_5;2026-06-05;82,7;41,5;190;44;7,37;1,14;1,55;89,2;0,0;;;;;;
User_5;2026-06-06;83,5;43,9;190;44;7,44;1,35;1,86;93,5;0,0;57,8;42,2;;;;
User_5;2026-06-07;83,3;47,8;190;44;7,78;1,62;1,55;91,1;0,0;55,0;42,7;;;;798,0
User_5;2026-06-08;88,4;46,4;190;44;7,84;1,13;1,24;93,1;0,0;57,1;40,6;;;;
User_5;2026-06-09;89,7;44,8;190;44;7,25;1,11;1,7;80,7;2,0;;;6,0;7,0;7,0;441,0
User_5;2026-06-10;95,0;41,2;190;44;6,97;1,44;1,41;80,0;2,0;;;;;;
User_5;2026-06-11;80,8;47,2;190;44;8,29;1,42;2,0;92,7;0,0;55,4;39,9;;;;
User_5;2026-06-12;82,8;40,9;190;44;8,52;1,85;1,62;88,8;0,0;51,6;41,7;4,0;3,0;7,0;343,0
User_5;2026-06-13;94,3;43,6;190;44;6,89;0,9;1,23;91,1;0,0;;;6,0;2,0;8,0;
User_5;2026-06-14;90,0;43,6;190;44;7,42;1,33;1,81;85,3;1,0;58,2;43,1;4,0;4,0;7,0;
User_5;2026-06-15;82,3;45,3;190;44;8,77;1,33;1,54;88,3;0,0;;;9,0;4,0;6,0;0,0
User_5;2026-06-16;92,0;45,5;190;44;7,25;1,14;1,27;81,4;2,0;;;;;;336,0
User_5;2026-06-17;84,5;43,2;190;44;6,74;0,93;1,22;84,2;2,0;;;7,0;1,0;7,0;
User_5;2026-06-18;90,0;42,9;190;44;8,22;1,81;1,89;89,0;0,0;;;8,0;5,0;6,0;511,0
User_5;2026-06-19;84,2;44,6;190;44;8,14;1,58;1,96;84,2;2,0;;;9,0;4,0;5,0;329,0
User_5;2026-06-20;87,7;46,4;190;44;6,16;1,0;1,23;88,4;1,0;;;;;;595,0
User_5;2026-06-21;89,7;45,3;190;44;8,21;1,38;2,07;88,4;1,0;;;;;;
User_5;2026-06-22;76,0;45,1;190;44;8,28;1,26;1,94;86,7;1,0;53,6;41,9;6,0;6,0;5,0;0,0
User_5;2026-06-23;89,3;40,3;190;44;8,0;1,12;1,21;91,2;0,0;;;;;;
User_5;2026-06-24;80,0;39,0;190;44;8,5;1,76;1,52;91,9;0,0;;;5,0;3,0;7,0;476,0
User_5;2026-06-25;84,8;44,7;190;44;8,22;1,31;1,82;83,6;2,0;;;;;;
User_5;2026-06-26;86,5;43,4;190;44;6,7;1,26;1,71;85,9;1,0;;;;;;
User_5;2026-06-27;88,9;47,3;190;44;6,46;1,05;1,25;83,4;2,0;56,3;42,1;7,0;3,0;6,0;
User_5;2026-06-28;86,9;44,7;190;44;6,66;1,03;1,02;93,5;0,0;;;;;;525,0
User_5;2026-06-29;84,6;43,8;190;44;7,26;1,5;1,86;90,5;0,0;52,8;40,1;6,0;1,0;5,0;
User_5;2026-06-30;82,4;43,5;190;44;6,77;0,91;1,2;83,7;2,0;54,6;42,2;4,0;4,0;4,0;329,0
User_5;2026-07-01;97,5;42,4;190;44;6,72;1,07;1,38;88,4;1,0;;;9,0;2,0;7,0;336,0
User_5;2026-07-02;84,2;40,5;190;44;7,66;1,28;1,35;80,3;2,0;;;;;;483,0
User_5;2026-07-03;94,6;46,7;190;44;7,17;1,44;1,09;89,9;1,0;53,3;40,7;8,0;3,0;8,0;476,0
User_5;2026-07-04;90,2;44,8;190;44;9,34;1,87;2,3;81,0;2,0;;;7,0;2,0;6,0;714,0
User_5;2026-07-05;82,1;40,8;190;44;8,09;0,98;1,93;86,2;1,0;;;;;;
User_5;2026-07-06;87,3;42,7;190;44;6,79;1,02;1,41;91,4;0,0;;;7,0;5,0;4,0;0,0
User_5;2026-07-07;93,4;44,9;190;44;7,37;1,53;1,24;87,3;1,0;;;6,0;3,0;6,0;329,0
User_5;2026-07-08;97,9;41,1;190;44;7,36;1,53;1,8;93,5;0,0;;;9,0;5,0;9,0;
User_5;2026-07-09;83,7;44,6;190;44;6,42;1,06;1,11;81,5;2,0;56,2;39,1;8,0;1,0;4,0;504,0
User_5;2026-07-10;88,4;41,3;190;44;6,71;1,19;1,55;80,1;2,0;56,0;41,8;8,0;3,0;6,0;399,0
User_5;2026-07-11;83,2;43,1;190;44;8,13;1,47;1,91;88,9;1,0;53,3;43,9;7,0;7,0;4,0;791,0
User_5;2026-07-12;82,4;41,2;190;44;7,38;1,01;1,72;82,0;2,0;;;5,0;5,0;8,0;
User_5;2026-07-13;85,0;44,9;190;44;7,18;1,25;1,61;89,3;0,0;55,8;41,8;;;;0,0
User_5;2026-07-14;91,3;45,0;190;44;7,35;0,96;1,91;92,6;0,0;;;4,0;1,0;6,0;
User_5;2026-07-15;90,7;43,1;190;44;7,55;1,06;1,49;83,2;2,0;;;8,0;2,0;4,0;434,0
User_5;2026-07-16;77,2;45,5;190;44;7,8;1,55;1,82;84,9;1,0;;;5,0;6,0;5,0;
User_5;2026-07-17;86,9;44,0;190;44;7,18;1,47;1,39;81,6;2,0;;;;;;434,0
User_5;2026-07-18;95,1;45,4;190;44;7,75;1,12;1,4;87,7;1,0;52,5;41,6;;;;
User_5;2026-07-19;90,7;43,8;190;44;7,71;1,48;1,81;84,3;1,0;;;6,0;1,0;6,0;420,0
User_5;2026-07-20;84,2;42,6;190;44;8,79;1,88;1,92;88,6;0,0;;;;;;
User_5;2026-07-21;88,8;44,8;190;44;6,9;1,3;1,66;90,4;0,0;56,2;43,9;8,0;4,0;8,0;469,0
User_5;2026-07-22;90,5;46,1;190;44;7,09;1,14;1,79;88,3;0,0;;;8,0;7,0;8,0;392,0
User_5;2026-07-23;94,2;45,3;190;44;8,06;1,16;2,02;89,5;1,0;;;;;;469,0
User_5;2026-07-24;78,9;47,6;190;44;8,54;1,21;1,62;92,1;0,0;;;;;;378,0
User_5;2026-07-25;91,7;43,9;190;44;7,17;1,44;1,5;91,8;0,0;;;6,0;5,0;9,0;539,0
User_5;2026-07-26;80,5;46,3;190;44;7,55;1,42;1,8;87,0;1,0;;;;;;
User_5;2026-07-27;87,8;46,4;190;44;8,39;1,67;2,0;85,4;2,0;;;5,0;1,0;7,0;0,0
User_5;2026-07-28;85,2;45,4;190;44;7,92;1,31;1,64;90,6;0,0;52,8;46,9;5,0;7,0;6,0;357,0
User_5;2026-07-29;84,9;43,9;190;44;7,91;1,69;1,23;88,4;0,0;;;;;;
User_5;2026-07-30;86,1;46,9;190;44;7,58;1,31;1,94;84,8;1,0;;;4,0;3,0;5,0;427,0
User_5;2026-07-31;91,3;45,3;190;44;7,44;1,01;1,21;88,7;0,0;54,6;39,3;;;;
User_5;2026-08-01;101,1;43,2;190;44;6,02;0,8;1,12;83,0;2,0;;;;;;
User_5;2026-08-02;89,4;42,3;190;44;7,09;1,51;1,28;90,2;0,0;;;6,0;7,0;8,0;
User_5;2026-08-03;91,9;44,0;190;44;7,97;1,05;1,67;82,0;2,0;57,5;40,7;4,0;1,0;8,0;
User_5;2026-08-04;86,6;44,4;190;44;7,18;1,48;1,18;87,3;1,0;50,5;42,3;;;;
User_5;2026-08-05;87,8;44,2;190;44;6,76;1,39;1,39;89,7;0,0;;;;;;420,0
User_6;2026-05-08;40,5;72,0;185;72;7,55;1,46;1,7;85,5;2,0;;;6,0;5,0;4,0;270,0
User_6;2026-05-09;42,6;70,1;185;72;7,2;1,28;1,44;85,4;2,0;;;5,0;1,0;5,0;260,0
User_6;2026-05-10;48,7;72,6;185;72;6,21;1,0;1,11;85,8;1,0;;;8,0;2,0;7,0;0,0
User_6;2026-05-11;41,3;73,6;185;72;7,87;1,71;1,27;92,5;0,0;;;8,0;1,0;5,0;265,0
User_6;2026-05-12;36,4;70,7;185;72;7,16;0,99;1,08;82,3;2,0;;;9,0;2,0;7,0;155,0
User_6;2026-05-13;40,5;70,6;185;72;7,51;1,35;1,56;80,8;2,0;;;7,0;3,0;9,0;265,0
User_6;2026-05-14;39,5;70,2;185;72;8,35;1,02;1,26;92,5;0,0;;;8,0;2,0;4,0;0,0
User_6;2026-05-15;41,6;72,1;185;72;6,66;1,12;1,45;91,4;0,0;;;4,0;3,0;8,0;0,0
User_6;2026-05-16;36,5;72,0;185;72;8,48;1,14;2,07;88,0;1,0;;;4,0;7,0;4,0;0,0
User_6;2026-05-17;49,2;76,6;185;72;7,87;1,7;1,63;85,9;1,0;;;7,0;5,0;5,0;0,0
User_6;2026-05-18;47,1;72,2;185;72;7,52;0,96;1,3;83,7;2,0;;;9,0;5,0;9,0;0,0
User_6;2026-05-19;35,9;72,1;185;72;8,15;1,54;1,25;89,7;0,0;;;7,0;4,0;9,0;215,0
User_6;2026-05-20;51,8;72,3;185;72;7,58;1,49;1,14;82,1;2,0;;;9,0;4,0;5,0;150,0
User_6;2026-05-21;37,1;73,1;185;72;7,9;1,42;1,37;83,5;2,0;;;5,0;7,0;9,0;270,0
User_6;2026-05-22;42,3;72,7;185;72;7,42;0,95;1,73;91,9;0,0;;;7,0;6,0;5,0;0,0
User_6;2026-05-23;42,1;70,0;185;72;7,44;1,28;1,47;87,9;1,0;;;9,0;3,0;7,0;180,0
User_6;2026-05-24;48,7;72,2;185;72;8,1;1,77;1,99;89,3;1,0;;;9,0;6,0;4,0;0,0
User_6;2026-05-25;41,3;71,9;185;72;7,83;1,25;1,78;84,9;1,0;;;5,0;1,0;6,0;
User_6;2026-05-26;41,2;73,9;185;72;6,94;0,99;1,35;88,4;0,0;;;8,0;5,0;7,0;0,0
User_6;2026-05-27;39,9;74,2;185;72;7,28;1,17;1,32;85,2;2,0;;;4,0;6,0;5,0;
User_6;2026-05-28;41,2;75,7;185;72;7,75;1,61;1,54;90,9;0,0;;;9,0;1,0;8,0;190,0
User_6;2026-05-29;39,9;72,0;185;72;8,09;1,74;2,0;82,3;2,0;;;8,0;2,0;8,0;0,0
User_6;2026-05-30;32,9;71,9;185;72;7,37;1,09;1,4;85,4;1,0;;;8,0;3,0;6,0;0,0
User_6;2026-05-31;44,6;70,5;185;72;7,37;0,96;1,64;86,2;1,0;;;9,0;4,0;8,0;285,0
User_6;2026-06-01;48,2;72,9;185;72;7,88;1,28;1,69;89,0;1,0;;;8,0;7,0;5,0;
User_6;2026-06-02;36,2;72,9;185;72;7,76;1,31;1,45;90,2;0,0;;;4,0;7,0;5,0;0,0
User_6;2026-06-03;43,2;74,1;185;72;7,12;1,05;1,82;87,0;1,0;;;7,0;3,0;5,0;0,0
User_6;2026-06-04;50,3;73,9;185;72;8,07;1,2;1,94;84,1;2,0;;;4,0;7,0;4,0;0,0
User_6;2026-06-05;51,4;68,9;185;72;7,58;0,97;1,9;86,5;1,0;;;9,0;4,0;4,0;280,0
User_6;2026-06-06;39,9;73,5;185;72;7,39;1,04;1,24;92,8;0,0;;;5,0;7,0;6,0;
User_6;2026-06-07;38,5;74,8;185;72;7,52;1,21;1,37;87,6;1,0;;;4,0;1,0;4,0;0,0
User_6;2026-06-08;43,3;72,3;185;72;8,07;1,47;1,98;92,2;0,0;;;8,0;6,0;9,0;0,0
User_6;2026-06-09;41,4;71,2;185;72;7,22;1,04;1,48;88,4;0,0;;;9,0;6,0;7,0;
User_6;2026-06-10;47,6;73,2;185;72;6,0;1,24;1,07;83,3;2,0;;;4,0;7,0;9,0;180,0
User_6;2026-06-11;51,1;71,7;185;72;8,17;1,05;1,76;83,4;2,0;;;8,0;3,0;7,0;0,0
User_6;2026-06-12;43,2;69,6;185;72;7,22;1,15;1,17;87,6;1,0;;;6,0;7,0;6,0;295,0
User_6;2026-06-13;45,3;71,9;185;72;8,03;1,75;1,41;85,3;2,0;;;9,0;7,0;4,0;290,0
User_6;2026-06-14;44,1;71,1;185;72;8,24;1,02;1,3;82,9;2,0;;;7,0;2,0;8,0;0,0
User_6;2026-06-15;40,5;71,3;185;72;7,66;1,0;1,71;90,4;0,0;;;8,0;5,0;9,0;0,0
User_6;2026-06-16;43,5;72,4;185;72;6,93;1,25;1,19;92,7;0,0;;;4,0;3,0;6,0;270,0
User_6;2026-06-17;35,9;82,6;185;72;6,59;1,26;1,53;92,3;0,0;;;1,0;4,0;3,0;250,0
User_6;2026-06-18;31,0;79,3;185;72;7,79;1,65;1,99;80,9;2,0;;;2,0;2,0;3,0;0,0
User_6;2026-06-19;42,3;81,5;185;72;7,74;1,28;1,25;88,3;1,0;;;1,0;3,0;1,0;0,0
User_6;2026-06-20;28,2;81,2;185;72;8,37;1,76;1,4;88,6;1,0;;;2,0;4,0;3,0;0,0
User_6;2026-06-21;40,2;79,9;185;72;6,73;1,36;1,22;90,7;0,0;;;1,0;5,0;1,0;0,0
User_6;2026-06-22;24,2;79,5;185;72;7,71;0,98;1,6;90,8;0,0;;;3,0;3,0;3,0;275,0
User_6;2026-06-23;24,5;80,0;185;72;7,63;1,56;1,33;84,7;1,0;;;2,0;4,0;2,0;0,0
User_6;2026-06-24;30,0;78,6;185;72;8,14;1,57;2,02;81,3;2,0;;;2,0;3,0;1,0;0,0
User_6;2026-06-25;30,9;76,1;185;72;7,82;1,18;1,63;83,8;2,0;;;1,0;3,0;2,0;
User_6;2026-06-26;20,0;82,9;185;72;8,5;1,44;1,3;91,9;0,0;;;1,0;3,0;3,0;0,0
User_6;2026-06-27;27,7;77,5;185;72;8,04;1,76;1,8;89,8;1,0;;;3,0;6,0;1,0;0,0
User_6;2026-06-28;31,4;79,6;185;72;7,95;1,05;1,6;80,9;2,0;;;;;;
User_6;2026-06-29;32,3;80,7;185;72;7,4;1,5;1,24;86,1;1,0;;;2,0;2,0;1,0;0,0
User_6;2026-06-30;27,3;80,4;185;72;7,21;1,45;1,26;84,8;2,0;;;3,0;3,0;1,0;240,0
User_6;2026-07-01;27,5;79,6;185;72;6,7;1,1;1,6;80,2;2,0;;;1,0;6,0;1,0;205,0
User_6;2026-07-02;34,3;80,3;185;72;7,73;1,6;1,74;92,0;0,0;;;2,0;2,0;1,0;220,0
User_6;2026-07-03;44,5;71,6;185;72;7,29;1,14;1,23;85,1;1,0;;;6,0;5,0;9,0;225,0
User_6;2026-07-04;50,5;71,5;185;72;7,92;1,24;1,96;88,4;0,0;;;9,0;4,0;9,0;0,0
User_6;2026-07-05;42,7;71,4;185;72;7,31;1,11;1,7;91,4;0,0;;;7,0;7,0;7,0;0,0
User_6;2026-07-06;35,9;69,2;185;72;7,5;1,63;1,39;88,6;1,0;;;6,0;4,0;6,0;0,0
User_6;2026-07-07;38,8;68,5;185;72;6,32;0,99;1,08;90,9;0,0;;;5,0;6,0;7,0;0,0
User_6;2026-07-08;40,4;74,9;185;72;7,45;1,44;1,15;85,1;2,0;;;8,0;6,0;9,0;235,0
User_6;2026-07-09;49,2;73,5;185;72;8,02;1,55;1,92;90,2;0,0;;;7,0;2,0;8,0;265,0
User_6;2026-07-10;29,4;72,2;185;72;6,16;1,32;1,36;84,0;2,0;;;7,0;6,0;6,0;150,0
User_6;2026-07-11;43,1;71,8;185;72;8,17;1,17;2,03;85,0;2,0;;;5,0;7,0;9,0;235,0
User_6;2026-07-12;47,9;71,4;185;72;7,13;1,49;1,4;83,6;2,0;;;9,0;3,0;6,0;0,0
User_6;2026-07-13;41,2;72,7;185;72;6,89;1,37;1,56;81,8;2,0;;;9,0;4,0;8,0;180,0
User_6;2026-07-14;33,5;72,4;185;72;7,53;0,96;1,4;82,8;2,0;;;8,0;1,0;9,0;200,0
User_6;2026-07-15;42,2;71,8;185;72;6,57;0,88;1,19;82,2;2,0;;;8,0;2,0;9,0;230,0
User_6;2026-07-16;50,6;73,9;185;72;7,0;1,12;1,08;84,0;2,0;;;6,0;4,0;4,0;0,0
User_6;2026-07-17;44,0;73,2;185;72;8,81;1,36;2,26;85,9;1,0;;;4,0;5,0;9,0;220,0
User_6;2026-07-18;32,7;75,0;185;72;7,58;1,07;1,69;92,1;0,0;;;7,0;2,0;8,0;175,0
User_6;2026-07-19;43,6;72,9;185;72;7,07;1,47;1,53;85,5;2,0;;;4,0;2,0;6,0;
User_6;2026-07-20;35,2;68,8;185;72;8,48;1,3;2,03;88,5;1,0;;;4,0;3,0;5,0;0,0
User_6;2026-07-21;45,7;70,6;185;72;8,28;1,53;1,57;87,3;1,0;;;8,0;5,0;5,0;295,0
User_6;2026-07-22;45,4;69,0;185;72;7,71;1,4;1,48;86,8;1,0;;;;;;0,0
User_6;2026-07-23;53,4;77,7;185;72;8,58;1,18;1,9;80,3;2,0;;;9,0;6,0;5,0;200,0
User_6;2026-07-24;46,7;72,7;185;72;8,8;1,06;1,32;81,1;2,0;;;6,0;2,0;4,0;0,0
User_6;2026-07-25;43,5;74,0;185;72;8,67;1,91;2,11;93,9;0,0;;;7,0;1,0;4,0;200,0
User_6;2026-07-26;43,2;71,3;185;72;7,08;1,24;1,24;80,9;2,0;;;7,0;3,0;4,0;190,0
User_6;2026-07-27;35,9;70,5;185;72;7,69;1,64;1,78;88,6;0,0;;;8,0;1,0;8,0;0,0
User_6;2026-07-28;43,2;71,4;185;72;7,47;1,58;1,41;89,0;0,0;;;9,0;2,0;7,0;0,0
User_6;2026-07-29;50,6;72,1;185;72;8,19;1,75;1,75;88,1;1,0;;;6,0;3,0;6,0;0,0
User_6;2026-07-30;46,2;70,5;185;72;7,86;1,72;1,56;93,8;0,0;;;5,0;3,0;8,0;295,0
User_6;2026-07-31;44,2;74,4;185;72;7,27;1,32;1,4;92,7;0,0;;;8,0;1,0;7,0;165,0
User_6;2026-08-01;46,3;72,0;185;72;7,21;1,31;1,19;91,2;0,0;;;7,0;4,0;9,0;
User_6;2026-08-02;35,9;69,5;185;72;7,0;1,4;1,18;84,6;1,0;;;9,0;2,0;9,0;0,0
User_6;2026-08-03;48,8;73,8;185;72;7,24;1,08;1,84;93,8;0,0;;;5,0;3,0;9,0;255,0
User_6;2026-08-04;42,0;72,3;185;72;8,34;1,26;1,47;82,1;2,0;;;4,0;1,0;9,0;0,0
User_6;2026-08-05;42,0;69,6;185;72;8,25;1,73;1,59;86,1;1,0;;;8,0;5,0;6,0;0,0
User_7;2026-05-08;67,0;61,8;190;62;8,05;1,56;1,97;88,1;1,0;;;;;;
User_7;2026-05-09;65,1;63,0;190;62;7,18;1,39;1,11;93,6;0,0;;;;;;
User_7;2026-05-10;63,3;62,4;190;62;7,96;1,44;1,46;85,0;2,0;;;;;;0,0
User_7;2026-05-11;54,0;60,6;190;62;9,5;1,21;1,81;89,4;1,0;;;;;;
User_7;2026-05-12;57,5;61,7;190;62;7,15;0,95;1,45;83,9;2,0;;;;;;144,0
User_7;2026-05-13;63,8;62,6;190;62;8,28;1,1;1,48;93,5;0,0;;;;;;
User_7;2026-05-14;71,2;58,0;190;62;7,47;1,49;1,92;87,9;1,0;;;7,0;2,0;5,0;
User_7;2026-05-15;55,4;67,2;190;62;8,31;1,11;1,49;80,2;2,0;;;;;;
User_7;2026-05-16;57,9;61,0;190;62;7,69;1,02;1,52;83,5;2,0;;;;;;
User_7;2026-05-17;69,3;61,7;190;62;8,56;1,82;1,81;92,0;0,0;;;;;;
User_7;2026-05-18;59,5;61,6;190;62;7,71;1,2;1,7;81,4;2,0;;;;;;0,0
User_7;2026-05-19;68,8;65,7;190;62;6,99;1,24;1,13;92,2;0,0;;;;;;
User_7;2026-05-20;48,9;63,5;190;62;6,63;1,39;1,11;88,9;0,0;;;;;;
User_7;2026-05-21;59,9;64,5;190;62;7,94;1,53;1,49;91,0;0,0;;;;;;
User_7;2026-05-22;56,8;62,4;190;62;7,84;0,95;1,66;89,4;1,0;;;6,0;1,0;6,0;
User_7;2026-05-23;54,8;58,6;190;62;7,68;1,44;1,31;92,8;0,0;;;;;;
User_7;2026-05-24;57,6;64,5;190;62;8,31;1,75;1,76;83,5;2,0;;;6,0;1,0;4,0;
User_7;2026-05-25;67,4;60,4;190;62;7,07;1,04;1,57;85,2;1,0;;;;;;
User_7;2026-05-26;54,8;65,9;190;62;8,04;1,57;1,27;85,3;2,0;;;8,0;6,0;7,0;
User_7;2026-05-27;58,4;64,9;190;62;7,28;1,42;1,57;84,3;2,0;;;4,0;6,0;9,0;0,0
User_7;2026-05-28;67,7;59,8;190;62;7,75;1,33;1,35;93,2;0,0;;;9,0;4,0;7,0;
User_7;2026-05-29;68,2;65,9;190;62;8,05;1,59;1,82;88,2;1,0;;;;;;
User_7;2026-05-30;59,5;62,1;190;62;7,47;1,51;1,78;90,7;0,0;;;;;;
User_7;2026-05-31;58,8;59,4;190;62;8,66;1,05;2,15;82,0;2,0;;;8,0;4,0;5,0;
User_7;2026-06-01;56,9;60,7;190;62;7,76;1,7;1,85;91,0;0,0;;;;;;0,0
User_7;2026-06-02;54,5;62,2;190;62;7,11;1,35;1,33;90,5;0,0;;;8,0;5,0;5,0;
User_7;2026-06-03;59,7;59,7;190;62;7,65;1,05;1,73;92,7;0,0;;;9,0;4,0;4,0;0,0
User_7;2026-06-04;67,3;60,8;190;62;7,66;1,3;1,41;87,7;1,0;;;;;;
User_7;2026-06-05;52,4;62,7;190;62;7,23;1,55;1,39;85,3;1,0;;;8,0;7,0;9,0;
User_7;2026-06-06;54,3;62,1;190;62;8,61;1,35;2,21;80,6;2,0;;;5,0;3,0;8,0;0,0
User_7;2026-06-07;63,4;63,2;190;62;7,52;0,92;1,5;89,4;0,0;;;;;;
User_7;2026-06-08;64,9;61,6;190;62;7,43;1,23;1,23;85,0;2,0;;;;;;
User_7;2026-06-09;69,3;61,8;190;62;7,87;1,5;1,87;86,5;1,0;;;;;;176,0
User_7;2026-06-10;56,8;61,7;190;62;6,68;1,17;1,16;84,8;1,0;;;;;;
User_7;2026-06-11;60,4;62,5;190;62;8,12;1,15;1,42;89,8;1,0;;;;;;
User_7;2026-06-12;51,4;64,9;190;62;7,58;1,03;1,82;88,6;0,0;;;;;;160,0
User_7;2026-06-13;62,5;64,5;190;62;6,87;1,19;1,76;88,2;1,0;;;;;;0,0
User_7;2026-06-14;55,2;63,2;190;62;7,42;1,4;1,89;80,2;2,0;;;;;;0,0
User_7;2026-06-15;60,0;60,4;190;62;6,31;0,99;1,37;82,7;2,0;;;;;;0,0
User_7;2026-06-16;58,7;65,4;190;62;7,69;1,6;1,87;85,7;2,0;;;;;;
User_7;2026-06-17;53,5;61,5;190;62;6,71;1,39;1,07;85,8;2,0;;;;;;0,0
User_7;2026-06-18;52,4;60,2;190;62;7,72;1,48;1,43;84,1;1,0;;;;;;
User_7;2026-06-19;59,3;61,6;190;62;8,0;1,55;1,49;84,5;2,0;;;6,0;3,0;6,0;176,0
User_7;2026-06-20;55,8;60,1;190;62;8,4;1,26;1,68;80,1;2,0;;;;;;
User_7;2026-06-21;60,8;65,6;190;62;6,86;1,34;1,04;84,1;2,0;;;;;;
User_7;2026-06-22;53,6;63,9;190;62;7,56;1,18;1,73;81,4;2,0;;;;;;
User_7;2026-06-23;61,6;56,0;190;62;8,14;1,11;1,55;82,7;2,0;;;;;;
User_7;2026-06-24;63,7;63,0;190;62;7,93;1,42;1,38;89,6;1,0;;;;;;
User_7;2026-06-25;55,5;61,8;190;62;8,24;1,74;1,99;88,9;0,0;;;5,0;7,0;7,0;
User_7;2026-06-26;66,3;60,0;190;62;8,67;1,78;1,43;85,2;1,0;;;;;;
User_7;2026-06-27;64,6;58,8;190;62;7,14;1,46;1,6;88,7;0,0;;;;;;0,0
User_7;2026-06-28;58,7;61,7;190;62;6,88;1,51;1,53;83,6;2,0;;;;;;
User_7;2026-06-29;56,1;61,5;190;62;8,11;1,27;2,11;84,5;2,0;;;;;;0,0
User_7;2026-06-30;55,5;65,4;190;62;7,14;1,15;1,23;88,2;0,0;;;5,0;3,0;4,0;136,0
User_7;2026-07-01;58,6;61,8;190;62;7,9;1,19;1,27;86,3;1,0;;;6,0;7,0;9,0;
User_7;2026-07-02;69,2;63,7;190;62;7,84;1,15;1,89;81,8;2,0;;;;;;
User_7;2026-07-03;64,0;60,5;190;62;7,47;1,13;1,36;80,8;2,0;;;;;;
User_7;2026-07-04;59,3;60,4;190;62;7,38;1,25;1,63;84,8;1,0;;;8,0;3,0;8,0;0,0
User_7;2026-07-05;53,3;62,6;190;62;7,39;1,3;1,76;86,1;1,0;;;;;;
User_7;2026-07-06;62,6;59,3;190;62;7,13;1,13;1,58;87,3;1,0;;;5,0;5,0;5,0;
User_7;2026-07-07;55,1;63,0;190;62;9,26;1,12;2,19;90,9;0,0;;;;;;
User_7;2026-07-08;58,9;58,9;190;62;7,7;1,63;1,4;92,3;0,0;;;;;;0,0
User_7;2026-07-09;57,9;61,0;190;62;7,61;1,07;1,73;88,5;0,0;;;;;;
User_7;2026-07-10;59,2;60,5;190;62;6,83;0,92;1,17;88,9;0,0;;;;;;
User_7;2026-07-11;55,1;61,8;190;62;7,0;1,45;1,6;81,1;2,0;;;;;;
User_7;2026-07-12;52,1;59,1;190;62;6,66;1,1;1,49;83,3;2,0;;;;;;
User_7;2026-07-13;54,3;62,2;190;62;6,72;1,28;1,38;88,6;1,0;;;;;;0,0
User_7;2026-07-14;63,9;58,6;190;62;6,71;1,31;1,61;85,8;1,0;;;;;;
User_7;2026-07-15;64,2;63,6;190;62;7,95;1,46;1,85;91,7;0,0;;;;;;
User_7;2026-07-16;66,0;61,2;190;62;7,93;1,41;1,7;80,9;2,0;;;;;;
User_7;2026-07-17;58,0;64,0;190;62;8,46;1,55;1,74;82,8;2,0;;;6,0;1,0;8,0;
User_7;2026-07-18;58,8;59,1;190;62;7,62;0,98;1,43;92,1;0,0;;;;;;
User_7;2026-07-19;51,5;58,6;190;62;8,26;1,5;1,72;89,5;0,0;;;;;;
User_7;2026-07-20;66,6;61,3;190;62;7,08;1,43;1,34;91,7;0,0;;;;;;
User_7;2026-07-21;67,6;60,3;190;62;7,86;1,27;1,24;91,4;0,0;;;;;;
User_7;2026-07-22;56,2;61,8;190;62;9,42;2,07;1,53;84,3;1,0;;;;;;
User_7;2026-07-23;59,3;64,2;190;62;6,66;1,27;1,06;82,6;2,0;;;;;;0,0
User_7;2026-07-24;63,7;59,7;190;62;6,43;1,4;1,36;86,6;1,0;;;9,0;7,0;6,0;
User_7;2026-07-25;54,3;64,0;190;62;7,76;1,6;1,85;83,1;2,0;;;;;;
User_7;2026-07-26;58,8;63,1;190;62;8,86;1,9;2,25;88,8;0,0;;;;;;
User_7;2026-07-27;55,9;62,4;190;62;6,57;1,09;1,63;89,0;1,0;;;;;;
User_7;2026-07-28;64,3;59,2;190;62;7,93;1,08;1,28;87,9;1,0;;;;;;
User_7;2026-07-29;50,2;66,3;190;62;8,17;1,01;1,33;85,7;1,0;;;;;;0,0
User_7;2026-07-30;57,7;62,4;190;62;7,45;1,04;1,39;89,2;1,0;;;;;;
User_7;2026-07-31;63,6;66,4;190;62;7,74;1,52;1,81;81,5;2,0;;;;;;168,0
User_7;2026-08-01;53,9;61,5;190;62;7,5;1,46;1,76;85,6;2,0;;;;;;
User_7;2026-08-02;61,2;61,0;190;62;8,36;1,45;2,11;88,1;1,0;;;;;;
User_7;2026-08-03;61,4;65,8;190;62;8,96;1,24;2,13;88,6;0,0;;;9,0;1,0;9,0;
User_7;2026-08-04;59,3;60,2;190;62;7,52;1,0;1,28;84,4;2,0;;;;;;
User_7;2026-08-05;57,4;60,6;190;62;7,49;1,02;1,92;87,6;1,0;;;9,0;3,0;6,0;
User_8;2026-05-08;;;185;66;;;;;;;;;;;165,0
User_8;2026-05-09;;;185;66;;;;;;;;5,0;4,0;8,0;
User_8;2026-05-10;;;185;66;;;;;;;;;;;0,0
User_8;2026-05-11;;;185;66;;;;;;;;9,0;6,0;9,0;210,0
User_8;2026-05-12;;;185;66;;;;;;;;4,0;2,0;5,0;245,0
User_8;2026-05-13;;;185;66;;;;;;;;5,0;7,0;8,0;155,0
User_8;2026-05-14;;;185;66;;;;;;;;;;;215,0
User_8;2026-05-15;;;185;66;;;;;;;;8,0;3,0;5,0;150,0
User_8;2026-05-16;;;185;66;;;;;;;;4,0;7,0;6,0;0,0
User_8;2026-05-17;;;185;66;;;;;;;;8,0;2,0;6,0;
User_8;2026-05-18;;;185;66;;;;;;;;5,0;6,0;6,0;0,0
User_8;2026-05-19;;;185;66;;;;;;;;8,0;7,0;4,0;0,0
User_8;2026-05-20;;;185;66;;;;;;;;;;;
User_8;2026-05-21;;;185;66;;;;;;;;9,0;3,0;4,0;0,0
User_8;2026-05-22;;;185;66;;;;;;;;8,0;5,0;5,0;0,0
User_8;2026-05-23;;;185;66;;;;;;;;6,0;5,0;6,0;240,0
User_8;2026-05-24;;;185;66;;;;;;;;;;;0,0
User_8;2026-05-25;;;185;66;;;;;;;;6,0;2,0;8,0;
User_8;2026-05-26;;;185;66;;;;;;;;4,0;3,0;5,0;
User_8;2026-05-27;;;185;66;;;;;;;;6,0;1,0;7,0;275,0
User_8;2026-05-28;;;185;66;;;;;;;;9,0;4,0;6,0;0,0
User_8;2026-05-29;;;185;66;;;;;;;;9,0;4,0;8,0;
User_8;2026-05-30;;;185;66;;;;;;;;8,0;1,0;6,0;150,0
User_8;2026-05-31;;;185;66;;;;;;;;;;;0,0
User_8;2026-06-01;;;185;66;;;;;;;;;;;225,0
User_8;2026-06-02;;;185;66;;;;;;;;;;;0,0
User_8;2026-06-03;;;185;66;;;;;;;;8,0;5,0;8,0;0,0
User_8;2026-06-04;;;185;66;;;;;;;;6,0;3,0;5,0;155,0
User_8;2026-06-05;;;185;66;;;;;;;;5,0;2,0;9,0;0,0
User_8;2026-06-06;;;185;66;;;;;;;;9,0;3,0;8,0;195,0
User_8;2026-06-07;;;185;66;;;;;;;;;;;0,0
User_8;2026-06-08;;;185;66;;;;;;;;8,0;3,0;9,0;0,0
User_8;2026-06-09;;;185;66;;;;;;;;;;;0,0
User_8;2026-06-10;;;185;66;;;;;;;;8,0;5,0;5,0;0,0
User_8;2026-06-11;;;185;66;;;;;;;;8,0;2,0;7,0;175,0
User_8;2026-06-12;;;185;66;;;;;;;;8,0;5,0;5,0;180,0
User_8;2026-06-13;;;185;66;;;;;;;;5,0;7,0;9,0;285,0
User_8;2026-06-14;;;185;66;;;;;;;;;;;0,0
User_8;2026-06-15;;;185;66;;;;;;;;;;;
User_8;2026-06-16;;;185;66;;;;;;;;6,0;1,0;9,0;0,0
User_8;2026-06-17;;;185;66;;;;;;;;8,0;3,0;6,0;210,0
User_8;2026-06-18;;;185;66;;;;;;;;4,0;6,0;5,0;235,0
User_8;2026-06-19;;;185;66;;;;;;;;9,0;2,0;9,0;190,0
User_8;2026-06-20;;;185;66;;;;;;;;7,0;2,0;9,0;0,0
User_8;2026-06-21;;;185;66;;;;;;;;5,0;1,0;4,0;
User_8;2026-06-22;;;185;66;;;;;;;;8,0;4,0;8,0;230,0
User_8;2026-06-23;;;185;66;;;;;;;;;;;210,0
User_8;2026-06-24;;;185;66;;;;;;;;9,0;7,0;8,0;0,0
User_8;2026-06-25;;;185;66;;;;;;;;8,0;7,0;5,0;200,0
User_8;2026-06-26;;;185;66;;;;;;;;;;;0,0
User_8;2026-06-27;;;185;66;;;;;;;;9,0;4,0;7,0;0,0
User_8;2026-06-28;;;185;66;;;;;;;;7,0;4,0;4,0;0,0
User_8;2026-06-29;;;185;66;;;;;;;;;;;215,0
User_8;2026-06-30;;;185;66;;;;;;;;;;;0,0
User_8;2026-07-01;;;185;66;;;;;;;;7,0;3,0;6,0;0,0
User_8;2026-07-02;;;185;66;;;;;;;;6,0;7,0;7,0;
User_8;2026-07-03;;;185;66;;;;;;;;;;;0,0
User_8;2026-07-04;;;185;66;;;;;;;;7,0;6,0;6,0;170,0
User_8;2026-07-05;;;185;66;;;;;;;;6,0;7,0;4,0;210,0
User_8;2026-07-06;;;185;66;;;;;;;;;;;0,0
User_8;2026-07-07;;;185;66;;;;;;;;8,0;5,0;6,0;
User_8;2026-07-08;;;185;66;;;;;;;;4,0;7,0;8,0;
User_8;2026-07-09;;;185;66;;;;;;;;8,0;1,0;7,0;190,0
User_8;2026-07-10;;;185;66;;;;;;;;;;;0,0
User_8;2026-07-11;;;185;66;;;;;;;;;;;
User_8;2026-07-12;;;185;66;;;;;;;;8,0;1,0;6,0;0,0
User_8;2026-07-13;;;185;66;;;;;;;;;;;
User_8;2026-07-14;;;185;66;;;;;;;;;;;
User_8;2026-07-15;;;185;66;;;;;;;;5,0;6,0;6,0;0,0
User_8;2026-07-16;;;185;66;;;;;;;;;;;225,0
User_8;2026-07-17;;;185;66;;;;;;;;5,0;2,0;9,0;155,0
User_8;2026-07-18;;;185;66;;;;;;;;;;;210,0
User_8;2026-07-19;;;185;66;;;;;;;;;;;
User_8;2026-07-20;;;185;66;;;;;;;;9,0;5,0;8,0;295,0
User_8;2026-07-21;;;185;66;;;;;;;;;;;255,0
User_8;2026-07-22;;;185;66;;;;;;;;9,0;4,0;8,0;0,0
User_8;2026-07-23;;;185;66;;;;;;;;5,0;3,0;9,0;0,0
User_8;2026-07-24;;;185;66;;;;;;;;4,0;2,0;5,0;
User_8;2026-07-25;;;185;66;;;;;;;;;;;0,0
User_8;2026-07-26;;;185;66;;;;;;;;4,0;3,0;4,0;
User_8;2026-07-27;;;185;66;;;;;;;;6,0;1,0;5,0;245,0
User_8;2026-07-28;;;185;66;;;;;;;;;;;270,0
User_8;2026-07-29;;;185;66;;;;;;;;4,0;3,0;7,0;210,0
User_8;2026-07-30;;;185;66;;;;;;;;9,0;2,0;6,0;0,0
User_8;2026-07-31;;;185;66;;;;;;;;7,0;1,0;4,0;0,0
User_8;2026-08-01;;;185;66;;;;;;;;4,0;3,0;7,0;
User_8;2026-08-02;;;185;66;;;;;;;;4,0;2,0;6,0;0,0
User_8;2026-08-03;;;185;66;;;;;;;;6,0;6,0;8,0;0,0
User_8;2026-08-04;;;185;66;;;;;;;;7,0;7,0;6,0;0,0
User_8;2026-08-05;;;185;66;;;;;;;;;;;
