User_ID;Date;Cycle_Day;Cycle_Phase;Is_Period_Day
User_4;2026-07-01;4;Menstrual;1
User_4;2026-07-02;5;Menstrual;1
User_4;2026-07-03;6;Follicular;0
User_4;2026-07-04;7;Follicular;0
User_4;2026-07-05;8;Follicular;0
User_4;2026-07-06;9;Follicular;0
User_4;2026-07-07;10;Follicular;0
User_4;2026-07-08;11;Follicular;0
User_4;2026-07-09;12;Follicular;0
User_4;2026-07-10;13;Follicular;0
User_4;2026-07-11;14;Ovulatory;0
User_4;2026-07-12;15;Ovulatory;0
User_4;2026-07-13;16;Luteal;0
User_4;2026-07-14;17;Luteal;0
User_4;2026-07-15;18;Luteal;0
User_4;2026-07-16;19;Luteal;0
User_4;2026-07-17;20;Luteal;0
User_4;2026-07-18;21;Luteal;0
User_4;2026-07-19;22;Luteal;0
User_4;2026-07-20;23;Luteal;0
User_4;2026-07-21;24;Luteal;0
User_4;2026-07-22;25;Luteal;0
User_4;2026-07-23;26;Luteal;0
User_4;2026-07-24;27;Luteal;0
User_4;2026-07-25;28;Luteal;0
User_4;2026-07-26;1;Menstrual;1
User_4;2026-07-27;2;Menstrual;1
User_4;2026-07-28;3;Menstrual;1
User_4;2026-07-29;4;Menstrual;1
User_4;2026-07-30;5;Menstrual;1
User_5;2026-07-01;22;Luteal;0
User_5;2026-07-02;23;Luteal;0
User_5;2026-07-03;24;Luteal;0
User_5;2026-07-04;25;Luteal;0
User_5;2026-07-05;26;Luteal;0
User_5;2026-07-06;27;Luteal;0
User_5;2026-07-07;28;Luteal;0
User_5;2026-07-08;29;Luteal;0
User_5;2026-07-09;1;Menstrual;1
User_5;2026-07-10;2;Menstrual;1
User_5;2026-07-11;3;Menstrual;1
User_5;2026-07-12;4;Menstrual;1
User_5;2026-07-13;5;Menstrual;1
User_5;2026-07-14;6;Follicular;0
User_5;2026-07-15;7;Follicular;0
User_5;2026-07-16;8;Follicular;0
User_5;2026-07-17;9;Follicular;0
User_5;2026-07-18;10;Follicular;0
User_5;2026-07-19;11;Follicular;0
User_5;2026-07-20;12;Follicular;0
User_5;2026-07-21;13;Follicular;0
User_5;2026-07-22;14;Ovulatory;0
User_5;2026-07-23;15;Ovulatory;0
User_5;2026-07-24;16;Luteal;0
User_5;2026-07-25;17;Luteal;0
User_5;2026-07-26;18;Luteal;0
User_5;2026-07-27;19;Luteal;0
User_5;2026-07-28;20;Luteal;0
User_5;2026-07-29;21;Luteal;0
User_5;2026-07-30;22;Luteal;0
User_7;2026-07-01;12;Follicular;0
User_7;2026-07-02;13;Follicular;0
User_7;2026-07-03;14;Ovulatory;0
User_7;2026-07-04;15;Ovulatory;0
User_7;2026-07-05;16;Luteal;0
User_7;2026-07-06;17;Luteal;0
User_7;2026-07-07;18;Luteal;0
User_7;2026-07-08;19;Luteal;0
User_7;2026-07-09;20;Luteal;0
User_7;2026-07-10;21;Luteal;0
User_7;2026-07-11;22;Luteal;0
User_7;2026-07-12;23;Luteal;0
User_7;2026-07-13;24;Luteal;0
User_7;2026-07-14;25;Luteal;0
User_7;2026-07-15;26;Luteal;0
User_7;2026-07-16;27;Luteal;0
User_7;2026-07-17;28;Luteal;0
User_7;2026-07-18;1;Menstrual;1
User_7;2026-07-19;2;Menstrual;1
User_7;2026-07-20;3;Menstrual;1
User_7;2026-07-21;4;Menstrual;1
User_7;2026-07-22;5;Menstrual;1
User_7;2026-07-23;6;Follicular;0
User_7;2026-07-24;7;Follicular;0
User_7;2026-07-25;8;Follicular;0
User_7;2026-07-26;9;Follicular;0
User_7;2026-07-27;10;Follicular;0
User_7;2026-07-28;11;Follicular;0
User_7;2026-07-29;12;Follicular;0
User_7;2026-07-30;13;Follicular;0
