User_ID;Date;Discipline;Workout_Duration_min;Avg_Heart_Rate;sRPE
User_1;2026-05-09;Cycling_Outdoor;186;143;1302
User_1;2026-05-10;Running_Outdoor;104;152;832
User_1;2026-05-12;Gym;47;133;235
User_1;2026-05-14;Gym;55;129;275
User_1;2026-05-16;Cycling_Outdoor;234;148;1638
User_1;2026-05-17;Running_Outdoor;128;157;1024
User_1;2026-05-19;Gym;48;139;240
User_1;2026-05-21;Gym;65;130;325
User_1;2026-05-23;Cycling_Outdoor;182;153;1274
User_1;2026-05-24;Running_Outdoor;91;154;728
User_1;2026-05-26;Gym;56;132;280
User_1;2026-05-28;Gym;64;126;320
User_1;2026-05-30;Cycling_Outdoor;192;152;1344
User_1;2026-05-31;Running_Outdoor;127;160;1016
User_1;2026-06-02;Gym;53;124;265
User_1;2026-06-04;Gym;55;144;275
User_1;2026-06-06;Cycling_Outdoor;232;145;1624
User_1;2026-06-07;Running_Outdoor;114;159;912
User_1;2026-06-09;Gym;56;141;280
User_1;2026-06-11;Gym;59;131;295
User_1;2026-06-13;Cycling_Outdoor;221;138;1547
User_1;2026-06-14;Running_Outdoor;121;150;968
User_1;2026-06-16;Gym;68;124;340
User_1;2026-06-18;Gym;71;131;355
User_1;2026-06-20;Cycling_Outdoor;202;142;1414
User_1;2026-06-21;Running_Outdoor;118;145;944
User_1;2026-06-23;Gym;63;138;315
User_1;2026-06-25;Gym;50;121;250
User_1;2026-06-27;Cycling_Outdoor;201;135;1407
User_1;2026-06-28;Running_Outdoor;122;153;976
User_1;2026-06-30;Gym;56;124;280
User_1;2026-07-02;Gym;58;140;290
User_1;2026-07-04;Cycling_Outdoor;236;138;1652
User_1;2026-07-05;Running_Outdoor;113;150;904
User_1;2026-07-07;Gym;72;129;360
User_1;2026-07-09;Gym;61;133;305
User_1;2026-07-11;Cycling_Outdoor;234;153;1638
User_1;2026-07-12;Running_Outdoor;114;153;912
User_1;2026-07-14;Gym;50;127;250
User_1;2026-07-16;Gym;52;143;260
User_1;2026-07-18;Cycling_Outdoor;229;152;1603
User_1;2026-07-19;Running_Outdoor;90;160;720
User_1;2026-07-21;Gym;49;129;245
User_1;2026-07-23;Gym;62;136;310
User_1;2026-07-25;Cycling_Outdoor;238;141;1666
User_1;2026-07-26;Running_Outdoor;107;164;856
User_1;2026-07-28;Gym;66;120;330
User_1;2026-07-30;Gym;54;131;270
User_1;2026-08-01;Cycling_Outdoor;223;149;1561
User_1;2026-08-02;Running_Outdoor;107;150;856
User_1;2026-08-04;Gym;58;136;290
User_2;2026-05-09;Gym;53;129;371
User_2;2026-05-10;Cycling_Outdoor;170;134;1020
User_2;2026-05-12;Gym;68;143;476
User_2;2026-05-14;Gym;72;146;504
User_2;2026-05-16;Gym;50;134;350
User_2;2026-05-17;Cycling_Outdoor;164;153;984
User_2;2026-05-19;Gym;61;146;427
User_2;2026-05-21;Gym;69;127;483
User_2;2026-05-23;Gym;56;128;392
User_2;2026-05-24;Cycling_Outdoor;144;138;864
User_2;2026-05-26;Gym;72;133;504
User_2;2026-05-28;Gym;71;143;497
User_2;2026-05-30;Gym;51;147;357
User_2;2026-05-31;Cycling_Outdoor;133;153;798
User_2;2026-06-02;Gym;55;145;385
User_2;2026-06-04;Gym;66;128;462
User_2;2026-06-06;Gym;57;137;399
User_2;2026-06-07;Cycling_Outdoor;144;136;864
User_2;2026-06-09;Gym;73;134;511
User_2;2026-06-11;Gym;63;141;441
User_2;2026-06-13;Gym;72;141;504
User_2;2026-06-14;Cycling_Outdoor;130;143;780
User_2;2026-06-16;Gym;58;147;406
User_2;2026-06-18;Gym;60;145;420
User_2;2026-06-20;Gym;71;149;497
User_2;2026-06-21;Cycling_Outdoor;166;132;996
User_2;2026-06-23;Gym;70;138;490
User_2;2026-06-25;Gym;62;133;434
User_2;2026-06-27;Gym;74;149;518
User_2;2026-06-28;Cycling_Outdoor;138;144;828
User_2;2026-06-30;Gym;61;136;427
User_2;2026-07-02;Gym;70;141;490
User_2;2026-07-04;Gym;70;146;490
User_2;2026-07-05;Cycling_Outdoor;150;151;900
User_2;2026-07-07;Gym;54;128;378
User_2;2026-07-09;Gym;61;133;427
User_2;2026-07-11;Gym;70;133;490
User_2;2026-07-12;Cycling_Outdoor;163;138;978
User_2;2026-07-14;Gym;59;127;413
User_2;2026-07-16;Gym;58;145;406
User_2;2026-07-18;Gym;71;147;497
User_2;2026-07-19;Cycling_Outdoor;134;148;804
User_2;2026-07-21;Gym;65;149;455
User_2;2026-07-23;Gym;74;144;518
User_2;2026-07-25;Gym;56;148;392
User_2;2026-07-26;Cycling_Outdoor;134;142;804
User_2;2026-07-28;Gym;67;128;469
User_2;2026-07-30;Gym;64;148;448
User_2;2026-08-01;Gym;60;146;420
User_2;2026-08-02;Cycling_Outdoor;178;149;1068
User_2;2026-08-04;Gym;52;139;364
User_3;2026-05-08;Walking;31;109;93
User_3;2026-05-11;Walking;28;98;84
User_3;2026-05-13;Walking;37;105;111
User_3;2026-05-15;Walking;42;107;126
User_3;2026-05-18;Walking;44;97;132
User_3;2026-05-20;Walking;28;96;84
User_3;2026-05-22;Walking;41;97;123
User_3;2026-05-25;Walking;29;97;87
User_3;2026-05-27;Walking;26;99;78
User_3;2026-05-29;Walking;26;112;78
User_3;2026-06-01;Walking;41;99;123
User_3;2026-06-03;Walking;36;111;108
User_3;2026-06-05;Walking;32;103;96
User_3;2026-06-08;Walking;41;97;123
User_3;2026-06-10;Walking;37;114;111
User_3;2026-06-12;Walking;41;99;123
User_3;2026-06-15;Walking;43;113;129
User_3;2026-06-17;Walking;32;101;96
User_3;2026-06-19;Walking;32;113;96
User_3;2026-06-22;Walking;27;103;81
User_3;2026-06-24;Walking;44;101;132
User_3;2026-06-26;Walking;44;108;132
User_3;2026-06-29;Walking;29;101;87
User_3;2026-07-01;Walking;31;97;93
User_3;2026-07-03;Walking;34;107;102
User_3;2026-07-06;Walking;28;103;84
User_3;2026-07-08;Walking;35;109;105
User_3;2026-07-10;Walking;30;96;90
User_3;2026-07-13;Walking;36;95;108
User_3;2026-07-15;Walking;44;100;132
User_3;2026-07-17;Walking;43;97;129
User_3;2026-07-20;Walking;33;97;99
User_3;2026-07-22;Walking;37;106;111
User_3;2026-07-24;Walking;36;109;108
User_3;2026-07-27;Walking;37;103;111
User_3;2026-07-29;Walking;37;97;111
User_3;2026-07-31;Walking;34;98;102
User_3;2026-08-03;Walking;32;100;96
User_3;2026-08-05;Walking;25;106;75
User_4;2026-05-12;Gym;30;125;150
User_4;2026-05-13;Gym;37;122;185
User_4;2026-05-15;Gym;30;121;150
User_4;2026-05-19;Gym;52;136;260
User_4;2026-05-20;Gym;40;127;200
User_4;2026-05-21;Gym;53;142;265
User_4;2026-05-24;Gym;55;149;275
User_4;2026-05-30;Gym;43;154;215
User_4;2026-06-01;Gym;56;153;280
User_4;2026-06-02;Gym;37;151;185
User_4;2026-06-07;Gym;34;130;170
User_4;2026-06-08;Gym;57;129;285
User_4;2026-06-12;Gym;30;140;150
User_4;2026-06-13;Gym;59;120;295
User_4;2026-06-14;Gym;30;131;150
User_4;2026-06-15;Gym;33;139;165
User_4;2026-06-16;Gym;37;143;185
User_4;2026-06-18;Gym;54;131;270
User_4;2026-06-22;Gym;51;127;255
User_4;2026-06-24;Gym;44;145;220
User_4;2026-06-26;Gym;47;135;235
User_4;2026-06-27;Gym;41;120;205
User_4;2026-06-29;Gym;51;132;255
User_4;2026-07-04;Gym;45;154;225
User_4;2026-07-13;Gym;43;122;215
User_4;2026-07-14;Gym;57;143;285
User_4;2026-07-15;Gym;53;130;265
User_4;2026-07-17;Gym;41;129;205
User_4;2026-07-18;Gym;43;140;215
User_4;2026-07-19;Gym;49;152;245
User_4;2026-07-21;Gym;47;140;235
User_4;2026-07-22;Gym;31;135;155
User_4;2026-07-27;Gym;54;124;270
User_4;2026-07-30;Gym;30;128;150
User_4;2026-07-31;Gym;57;148;285
User_4;2026-08-01;Gym;53;120;265
User_4;2026-08-02;Gym;41;141;205
User_5;2026-05-08;Running_Outdoor;45;168;315
User_5;2026-05-09;Running_Outdoor;66;154;462
User_5;2026-05-10;Running_Outdoor;63;148;441
User_5;2026-05-12;Running_Outdoor;64;166;448
User_5;2026-05-13;Running_Outdoor;69;170;483
User_5;2026-05-14;Running_Outdoor;56;150;392
User_5;2026-05-15;Running_Outdoor;69;159;483
User_5;2026-05-16;Running_Outdoor;114;158;798
User_5;2026-05-17;Running_Outdoor;91;152;637
User_5;2026-05-19;Running_Outdoor;47;166;329
User_5;2026-05-20;Running_Outdoor;52;160;364
User_5;2026-05-21;Running_Outdoor;70;152;490
User_5;2026-05-22;Running_Outdoor;58;146;406
User_5;2026-05-23;Running_Outdoor;102;153;714
User_5;2026-05-24;Running_Outdoor;113;149;791
User_5;2026-05-26;Running_Outdoor;74;166;518
User_5;2026-05-27;Running_Outdoor;53;160;371
User_5;2026-05-28;Running_Outdoor;60;162;420
User_5;2026-05-29;Running_Outdoor;46;162;322
User_5;2026-05-30;Running_Outdoor;104;154;728
User_5;2026-05-31;Running_Outdoor;68;163;476
User_5;2026-06-02;Running_Outdoor;58;158;406
User_5;2026-06-03;Running_Outdoor;55;152;385
User_5;2026-06-04;Running_Outdoor;72;168;504
User_5;2026-06-05;Running_Outdoor;48;164;336
User_5;2026-06-06;Running_Outdoor;65;170;455
User_5;2026-06-07;Running_Outdoor;114;154;798
User_5;2026-06-09;Running_Outdoor;63;147;441
User_5;2026-06-10;Running_Outdoor;49;155;343
User_5;2026-06-11;Running_Outdoor;49;164;343
User_5;2026-06-12;Running_Outdoor;49;168;343
User_5;2026-06-13;Running_Outdoor;97;171;679
User_5;2026-06-14;Running_Outdoor;101;167;707
User_5;2026-06-16;Running_Outdoor;48;151;336
User_5;2026-06-17;Running_Outdoor;48;152;336
User_5;2026-06-18;Running_Outdoor;73;167;511
User_5;2026-06-19;Running_Outdoor;47;169;329
User_5;2026-06-20;Running_Outdoor;85;152;595
User_5;2026-06-21;Running_Outdoor;62;155;434
User_5;2026-06-23;Running_Outdoor;74;146;518
User_5;2026-06-24;Running_Outdoor;68;150;476
User_5;2026-06-25;Running_Outdoor;66;159;462
User_5;2026-06-26;Running_Outdoor;74;157;518
User_5;2026-06-27;Running_Outdoor;114;152;798
User_5;2026-06-28;Running_Outdoor;75;165;525
User_5;2026-06-30;Running_Outdoor;47;162;329
User_5;2026-07-01;Running_Outdoor;48;158;336
User_5;2026-07-02;Running_Outdoor;69;157;483
User_5;2026-07-03;Running_Outdoor;68;159;476
User_5;2026-07-04;Running_Outdoor;102;146;714
User_5;2026-07-05;Running_Outdoor;102;159;714
User_5;2026-07-07;Running_Outdoor;47;162;329
User_5;2026-07-08;Running_Outdoor;60;156;420
User_5;2026-07-09;Running_Outdoor;72;147;504
User_5;2026-07-10;Running_Outdoor;57;168;399
User_5;2026-07-11;Running_Outdoor;113;160;791
User_5;2026-07-12;Running_Outdoor;84;160;588
User_5;2026-07-14;Running_Outdoor;59;156;413
User_5;2026-07-15;Running_Outdoor;62;154;434
User_5;2026-07-16;Running_Outdoor;45;167;315
User_5;2026-07-17;Running_Outdoor;62;150;434
User_5;2026-07-18;Running_Outdoor;93;166;651
User_5;2026-07-19;Running_Outdoor;60;161;420
User_5;2026-07-21;Running_Outdoor;67;162;469
User_5;2026-07-22;Running_Outdoor;56;158;392
User_5;2026-07-23;Running_Outdoor;67;154;469
User_5;2026-07-24;Running_Outdoor;54;167;378
User_5;2026-07-25;Running_Outdoor;77;156;539
User_5;2026-07-26;Running_Outdoor;75;161;525
User_5;2026-07-28;Running_Outdoor;51;159;357
User_5;2026-07-29;Running_Outdoor;54;146;378
User_5;2026-07-30;Running_Outdoor;61;149;427
User_5;2026-07-31;Running_Outdoor;68;169;476
User_5;2026-08-01;Running_Outdoor;72;167;504
User_5;2026-08-02;Running_Outdoor;105;161;735
User_5;2026-08-04;Running_Outdoor;48;171;336
User_5;2026-08-05;Running_Outdoor;60;165;420
User_6;2026-05-08;Gym;54;122;270
User_6;2026-05-09;Gym;52;132;260
User_6;2026-05-11;Gym;53;132;265
User_6;2026-05-12;Gym;31;147;155
User_6;2026-05-13;Gym;53;128;265
User_6;2026-05-19;Gym;43;130;215
User_6;2026-05-20;Gym;30;132;150
User_6;2026-05-21;Gym;54;136;270
User_6;2026-05-23;Gym;36;137;180
User_6;2026-05-25;Gym;43;146;215
User_6;2026-05-28;Gym;38;133;190
User_6;2026-05-31;Gym;57;150;285
User_6;2026-06-01;Gym;40;143;200
User_6;2026-06-05;Gym;56;126;280
User_6;2026-06-09;Gym;48;139;240
User_6;2026-06-10;Gym;36;153;180
User_6;2026-06-12;Gym;59;147;295
User_6;2026-06-13;Gym;58;130;290
User_6;2026-06-16;Gym;54;134;270
User_6;2026-06-17;Gym;50;139;250
User_6;2026-06-22;Gym;55;151;275
User_6;2026-06-30;Gym;48;149;240
User_6;2026-07-01;Gym;41;136;205
User_6;2026-07-02;Gym;44;146;220
User_6;2026-07-03;Gym;45;132;225
User_6;2026-07-08;Gym;47;133;235
User_6;2026-07-09;Gym;53;150;265
User_6;2026-07-10;Gym;30;136;150
User_6;2026-07-11;Gym;47;140;235
User_6;2026-07-13;Gym;36;133;180
User_6;2026-07-14;Gym;40;127;200
User_6;2026-07-15;Gym;46;130;230
User_6;2026-07-17;Gym;44;146;220
User_6;2026-07-18;Gym;35;123;175
User_6;2026-07-21;Gym;59;120;295
User_6;2026-07-23;Gym;40;134;200
User_6;2026-07-25;Gym;40;148;200
User_6;2026-07-26;Gym;38;144;190
User_6;2026-07-30;Gym;59;125;295
User_6;2026-07-31;Gym;33;138;165
User_6;2026-08-03;Gym;51;120;255
User_7;2026-05-08;Gym;34;121;136
User_7;2026-05-12;Gym;36;106;144
User_7;2026-05-15;Gym;38;109;152
User_7;2026-05-19;Gym;42;121;168
User_7;2026-05-22;Gym;38;101;152
User_7;2026-05-26;Gym;43;124;172
User_7;2026-05-29;Gym;32;110;128
User_7;2026-06-02;Gym;40;113;160
User_7;2026-06-05;Gym;37;113;148
User_7;2026-06-09;Gym;44;108;176
User_7;2026-06-12;Gym;40;121;160
User_7;2026-06-16;Gym;44;109;176
User_7;2026-06-19;Gym;44;124;176
User_7;2026-06-23;Gym;37;102;148
User_7;2026-06-26;Gym;40;115;160
User_7;2026-06-30;Gym;34;105;136
User_7;2026-07-03;Gym;36;112;144
User_7;2026-07-07;Gym;32;117;128
User_7;2026-07-10;Gym;32;114;128
User_7;2026-07-14;Gym;31;101;124
User_7;2026-07-17;Gym;40;102;160
User_7;2026-07-21;Gym;32;121;128
User_7;2026-07-24;Gym;35;100;140
User_7;2026-07-28;Gym;32;108;128
User_7;2026-07-31;Gym;42;108;168
User_7;2026-08-04;Gym;42;108;168
User_8;2026-05-08;Gym;33;149;165
User_8;2026-05-09;Gym;42;124;210
User_8;2026-05-11;Gym;42;144;210
User_8;2026-05-12;Gym;49;120;245
User_8;2026-05-13;Gym;31;130;155
User_8;2026-05-14;Gym;43;143;215
User_8;2026-05-15;Gym;30;150;150
User_8;2026-05-20;Gym;42;150;210
User_8;2026-05-23;Gym;48;154;240
User_8;2026-05-27;Gym;55;133;275
User_8;2026-05-29;Gym;52;151;260
User_8;2026-05-30;Gym;30;124;150
User_8;2026-06-01;Gym;45;122;225
User_8;2026-06-04;Gym;31;130;155
User_8;2026-06-06;Gym;39;136;195
User_8;2026-06-11;Gym;35;149;175
User_8;2026-06-12;Gym;36;120;180
User_8;2026-06-13;Gym;57;154;285
User_8;2026-06-17;Gym;42;133;210
User_8;2026-06-18;Gym;47;135;235
User_8;2026-06-19;Gym;38;140;190
User_8;2026-06-22;Gym;46;129;230
User_8;2026-06-23;Gym;42;128;210
User_8;2026-06-25;Gym;40;152;200
User_8;2026-06-29;Gym;43;123;215
User_8;2026-07-02;Gym;37;154;185
User_8;2026-07-04;Gym;34;120;170
User_8;2026-07-05;Gym;42;125;210
User_8;2026-07-08;Gym;52;136;260
User_8;2026-07-09;Gym;38;132;190
User_8;2026-07-14;Gym;45;122;225
User_8;2026-07-16;Gym;45;123;225
User_8;2026-07-17;Gym;31;152;155
User_8;2026-07-18;Gym;42;146;210
User_8;2026-07-20;Gym;59;154;295
User_8;2026-07-21;Gym;51;135;255
User_8;2026-07-24;Gym;41;145;205
User_8;2026-07-26;Gym;51;136;255
User_8;2026-07-27;Gym;49;134;245
User_8;2026-07-28;Gym;54;139;270
User_8;2026-07-29;Gym;42;135;210
User_8;2026-08-01;Gym;32;146;160
